OPENDATA_IDENTIFICADOR,PROMOTOR,TIPUS_ACCES,VELOCITAT_CARREGA1,TIPUS_CONNEXIO1,VELOCITAT_CARREGA2,TIPUS_CONNEXIO2,VELOCITAT_CARREGA3,TIPUS_CONNEXIO3,Latitude,Longitude,DESIGNACIO_DESCRIPTIVA,ADREÇA,MUNICIPI,CODI_INE,PROVINCIA,CODI_PROV,NUM_PLACES_CARREGA,TIPUS_VEHICLE1,TIPUS_VEHICLE2,TELEFON,CODI_ASIA,CODI_BCN
08-0193-1-1,B:SM Serveis Municipals,APARCAMENT PUBLIC ,NORMAL,Schuko,,,,,41.401478,2.156578,B:SM 56 - Plaça del Sol,Plaça del Sol, 5,Barcelona,0193,Barcelona,08,1,cotxe,,,92086026154,BAMSA001
08-0193-2-1,B:SM Serveis Municipals,APARCAMENT PUBLIC ,NORMAL,Schuko,,,,,41.398969,2.153493,B:SM 57 - Plaça Gal·la Placídia,Plaça de Gal·la Placídia, 2,Barcelona,0193,Barcelona,08,1,cotxe,,,92086026156,BAMSA002
08-0193-3-1,B:SM Serveis Municipals,APARCAMENT PUBLIC ,NORMAL,Schuko,,,,,41.379559,2.16201,B:SM 46 - Urgell,Carrer del Comte d'Urgell, 14,Barcelona,0193,Barcelona,08,1,cotxe,,,92086027254,BAMSA003
08-0193-4-1,B:SM Serveis Municipals,APARCAMENT PUBLIC ,NORMAL,Schuko,,,,,41.385654,2.177128,B:SM 51 - Mercat Santa Caterina,Avinguda  de Francesc Cambó, 10,Barcelona,0193,Barcelona,08,3,cotxe,,93.402.34.20,92086029366,BAMSA004
08-0193-4-2,B:SM Serveis Municipals,APARCAMENT PUBLIC ,NORMAL,Schuko,,,,,41.385654,2.177128,B:SM 51 - Mercat Santa Caterina,Avinguda  de Francesc Cambó, 10,Barcelona,0193,Barcelona,08,3,cotxe,,93.402.34.20,92086029366,BAMSA004
08-0193-4-3,B:SM Serveis Municipals,APARCAMENT PUBLIC ,NORMAL,Schuko,,,,,41.385654,2.177128,B:SM 51 - Mercat Santa Caterina,Avinguda  de Francesc Cambó, 10,Barcelona,0193,Barcelona,08,3,moto,,93.402.34.20,92086029366,BAMSA004
08-0193-5-1,B:SM Serveis Municipals,APARCAMENT PUBLIC ,NORMAL,Schuko,,,,,41.38212617,2.168188081,B:SM 50 - Plaça dels Àngels,Carrer dels Àngels, 1,Barcelona,0193,Barcelona,08,3,cotxe,,93.441.05.04,92086032234,BAMSA005
08-0193-5-2,B:SM Serveis Municipals,APARCAMENT PUBLIC ,NORMAL,Schuko,,,,,41.38212617,2.168188081,B:SM 50 - Plaça dels Àngels,Carrer dels Àngels, 1,Barcelona,0193,Barcelona,08,3,cotxe,,93.441.05.04,92086032234,BAMSA005
08-0193-5-3,B:SM Serveis Municipals,APARCAMENT PUBLIC ,NORMAL,Schuko,,,,,41.38212617,2.168188081,B:SM 50 - Plaça dels Àngels,Carrer dels Àngels, 1,Barcelona,0193,Barcelona,08,3,moto,,93.441.05.04,92086032234,BAMSA005
08-0193-6-1,B:SM Serveis Municipals,APARCAMENT PUBLIC ,NORMAL,Schuko,,,,,41.379272,2.169613,B:SM 49 - Sant Rafael,Carrer de Sant Rafael, 15,Barcelona,0193,Barcelona,08,4,cotxe,,,99400213399,BAMSA006
08-0193-6-2,B:SM Serveis Municipals,APARCAMENT PUBLIC ,NORMAL,Schuko,,,,,41.379272,2.169613,B:SM 49 - Sant Rafael,Carrer de Sant Rafael, 15,Barcelona,0193,Barcelona,08,4,cotxe,,,99400213399,BAMSA006
08-0193-6-3,B:SM Serveis Municipals,APARCAMENT PUBLIC ,NORMAL,Schuko,,,,,41.379272,2.169613,B:SM 49 - Sant Rafael,Carrer de Sant Rafael, 15,Barcelona,0193,Barcelona,08,4,cotxe,,,99400213399,BAMSA006
08-0193-6-4,B:SM Serveis Municipals,APARCAMENT PUBLIC ,NORMAL,Schuko,,,,,41.379272,2.169613,B:SM 49 - Sant Rafael,Carrer de Sant Rafael, 15,Barcelona,0193,Barcelona,08,4,cotxe,,,99400213399,BAMSA006
08-0193-7-1,B:SM Serveis Municipals,APARCAMENT PUBLIC ,NORMAL,Schuko,,,,,41.37532,2.169709,B:SM 48 - Plaça Raquel Meyer - Paral·lel,Carrer de l'Abat Safont, 2,Barcelona,0193,Barcelona,08,1,cotxe,,,92086038542,BAMSA007
08-0193-8-1,B:SM Serveis Municipals,APARCAMENT PUBLIC ,NORMAL,Schuko,,,,,41.383144,2.150551,B:SM 55 -  Calàbria-València,Carrer de València,77 - Carrer de Calàbria, 182,Barcelona,0193,Barcelona,08,1,cotxe,,,99400233698,BAMSA008
08-0193-9-1,B:SM Serveis Municipals,APARCAMENT PUBLIC ,NORMAL,Schuko,,,,,41.390085,2.143525,B:SM 58 - Tarradelles-Sarrià,Avinguda  de Josep Tarradellas, 139,Barcelona,0193,Barcelona,08,1,cotxe,,,92086038504,BAMSA009
08-0193-10-1,B:SM Serveis Municipals,APARCAMENT PUBLIC ,NORMAL,Schuko,,,,,41.401794,2.160702,B:SM 47 - Siracusa,Carrer de Siracusa, 39 - 51,Barcelona,0193,Barcelona,08,1,cotxe,,,92086038672,BAMSA010
08-0193-11-1,B:SM Serveis Municipals,APARCAMENT PUBLIC ,NORMAL,Schuko,,,,,41.379936,2.189115,B:SM 59- Barceloneta Centre,Carrer Escuder, 1,Barcelona,0193,Barcelona,08,1,cotxe,,,99400157844,BAMSA011
08-0193-12-1,B:SM Serveis Municipals,APARCAMENT PUBLIC ,NORMAL,Schuko,,,,,41.374588,2.14287,B:SM 45 - Vilardell,Carrer de Vilardell, 20,Barcelona,0193,Barcelona,08,1,cotxe,,,94333141718,BAMSA012
08-0193-13-1,B:SM Serveis Municipals,APARCAMENT PUBLIC ,NORMAL,Schuko,,,,,41.385727,2.14285,B:SM 52 - Tarradelles-Entença,Avinguda  de Josep Tarradellas, 64,Barcelona,0193,Barcelona,08,1,cotxe,,93.402.34.20,98301140004,BAMSA013
08-0193-14-1,B:SM Serveis Municipals,APARCAMENT PUBLIC ,NORMAL,Schuko,,,,,41.384087,2.142749,B:SM 44 - Tarradelles-Nicaragua,Avinguda  de Josep Tarradellas, 46,Barcelona,0193,Barcelona,08,1,cotxe,,,99400032120,BAMSA014
08-0193-15-1,B:SM Serveis Municipals,APARCAMENT PUBLIC ,NORMAL,Schuko,,,,,41.391087,2.147544,B:SM 53 - Londres,Carrer de Londres, 55,Barcelona,0193,Barcelona,08,1,cotxe,,,99400157822,BAMSA015
08-0193-17-1,B:SM Serveis Municipals,APARCAMENT PUBLIC ,NORMAL,Schuko,NORMAL,MENNEKES.F,,,41.3815475,2.1701661,B:SM 5 - Boqueria,Carrer de les Floristes de la Rambla-Plaça Gardunya,Barcelona,0193,Barcelona,08,9,cotxe,,93.302.87.45,75990436303,BSM001
08-0193-17-2,B:SM Serveis Municipals,APARCAMENT PUBLIC ,NORMAL,Schuko,NORMAL,MENNEKES.F,,,41.3815475,2.1701661,B:SM 5 - Boqueria,Carrer de les Floristes de la Rambla-Plaça Gardunya,Barcelona,0193,Barcelona,08,9,cotxe,,93.302.87.45,75990436303,BSM001
08-0193-17-3,B:SM Serveis Municipals,APARCAMENT PUBLIC ,NORMAL,Schuko,NORMAL,MENNEKES.F,,,41.3815475,2.1701661,B:SM 5 - Boqueria,Carrer de les Floristes de la Rambla-Plaça Gardunya,Barcelona,0193,Barcelona,08,9,cotxe,,93.302.87.45,75990436303,BSM001
08-0193-17-4,B:SM Serveis Municipals,APARCAMENT PUBLIC ,NORMAL,Schuko,NORMAL,MENNEKES.F,,,41.3815475,2.1701661,B:SM 5 - Boqueria,Carrer de les Floristes de la Rambla-Plaça Gardunya,Barcelona,0193,Barcelona,08,9,cotxe,,93.302.87.45,75990436303,BSM001
08-0193-17-5,B:SM Serveis Municipals,APARCAMENT PUBLIC ,NORMAL,Schuko,NORMAL,MENNEKES.F,,,41.3815475,2.1701661,B:SM 5 - Boqueria,Carrer de les Floristes de la Rambla-Plaça Gardunya,Barcelona,0193,Barcelona,08,9,cotxe,,93.302.87.45,75990436303,BSM001
08-0193-17-6,B:SM Serveis Municipals,APARCAMENT PUBLIC ,NORMAL,Schuko,NORMAL,MENNEKES.F,,,41.3815475,2.1701661,B:SM 5 - Boqueria,Carrer de les Floristes de la Rambla-Plaça Gardunya,Barcelona,0193,Barcelona,08,9,cotxe,,93.302.87.45,75990436303,BSM001
08-0193-17-7,B:SM Serveis Municipals,APARCAMENT PUBLIC ,NORMAL,Schuko,NORMAL,MENNEKES.F,,,41.3815475,2.1701661,B:SM 5 - Boqueria,Carrer de les Floristes de la Rambla-Plaça Gardunya,Barcelona,0193,Barcelona,08,9,cotxe,,93.302.87.45,75990436303,BSM001
08-0193-17-8,B:SM Serveis Municipals,APARCAMENT PUBLIC ,NORMAL,Schuko,NORMAL,MENNEKES.F,,,41.3815475,2.1701661,B:SM 5 - Boqueria,Carrer de les Floristes de la Rambla-Plaça Gardunya,Barcelona,0193,Barcelona,08,9,cotxe,,93.302.87.45,75990436303,BSM001
08-0193-17-9,B:SM Serveis Municipals,APARCAMENT PUBLIC ,NORMAL,Schuko,NORMAL,MENNEKES.F,,,41.3815475,2.1701661,B:SM 5 - Boqueria,Carrer de les Floristes de la Rambla-Plaça Gardunya,Barcelona,0193,Barcelona,08,9,cotxe,,93.302.87.45,75990436303,BSM001
08-0193-18-1,B:SM Serveis Municipals,APARCAMENT PUBLIC ,NORMAL,Schuko,NORMAL,MENNEKES.F,,,41.407211,2.151497,B:SM 39 - Torrent de l'Olla,Carrer del Torrent de l'Olla, 221,Barcelona,0193,Barcelona,08,3,cotxe,,93.218.09.42,92086026155,BSM002
08-0193-18-2,B:SM Serveis Municipals,APARCAMENT PUBLIC ,NORMAL,Schuko,NORMAL,MENNEKES.F,,,41.407211,2.151497,B:SM 39 - Torrent de l'Olla,Carrer del Torrent de l'Olla, 221,Barcelona,0193,Barcelona,08,3,cotxe,,93.218.09.42,92086026155,BSM002
08-0193-18-3,B:SM Serveis Municipals,APARCAMENT PUBLIC ,NORMAL,Schuko,NORMAL,MENNEKES.F,,,41.407211,2.151497,B:SM 39 - Torrent de l'Olla,Carrer del Torrent de l'Olla, 221,Barcelona,0193,Barcelona,08,3,cotxe,,93.218.09.42,92086026155,BSM002
08-0193-19-1,B:SM Serveis Municipals,APARCAMENT PUBLIC ,NORMAL,Schuko,NORMAL,MENNEKES.F,,,41.401408,2.133986,B:SM 12 - Ferran Casablancas,Carrer de Josep Balari, 9,Barcelona,0193,Barcelona,08,4,cotxe,,93.417.93.56,92086038544,BSM003
08-0193-19-2,B:SM Serveis Municipals,APARCAMENT PUBLIC ,NORMAL,Schuko,NORMAL,MENNEKES.F,,,41.401408,2.133986,B:SM 12 - Ferran Casablancas,Carrer de Josep Balari, 9,Barcelona,0193,Barcelona,08,4,cotxe,,93.417.93.56,92086038544,BSM003
08-0193-19-3,B:SM Serveis Municipals,APARCAMENT PUBLIC ,NORMAL,Schuko,NORMAL,MENNEKES.F,,,41.401408,2.133986,B:SM 12 - Ferran Casablancas,Carrer de Josep Balari, 9,Barcelona,0193,Barcelona,08,4,cotxe,,93.417.93.56,92086038544,BSM003
08-0193-19-4,B:SM Serveis Municipals,APARCAMENT PUBLIC ,NORMAL,Schuko,NORMAL,MENNEKES.F,,,41.401408,2.133986,B:SM 12 - Ferran Casablancas,Carrer de Josep Balari, 9,Barcelona,0193,Barcelona,08,4,moto,,93.417.93.56,92086038544,BSM003
08-0193-20-1,B:SM Serveis Municipals,APARCAMENT PUBLIC ,NORMAL,Schuko,NORMAL,MENNEKES.F,,,41.389954,2.128284,B:SM 11 - Flos i Calcat,Carrer de Flos i Calcat, 2,Barcelona,0193,Barcelona,08,4,cotxe,,93.205.22.60,92352141944,BSM004
08-0193-20-2,B:SM Serveis Municipals,APARCAMENT PUBLIC ,NORMAL,Schuko,NORMAL,MENNEKES.F,,,41.389954,2.128284,B:SM 11 - Flos i Calcat,Carrer de Flos i Calcat, 2,Barcelona,0193,Barcelona,08,4,cotxe,,93.205.22.60,92352141944,BSM004
08-0193-20-3,B:SM Serveis Municipals,APARCAMENT PUBLIC ,NORMAL,Schuko,NORMAL,MENNEKES.F,,,41.389954,2.128284,B:SM 11 - Flos i Calcat,Carrer de Flos i Calcat, 2,Barcelona,0193,Barcelona,08,4,cotxe,,93.205.22.60,92352141944,BSM004
08-0193-20-4,B:SM Serveis Municipals,APARCAMENT PUBLIC ,NORMAL,Schuko,NORMAL,MENNEKES.F,,,41.389954,2.128284,B:SM 11 - Flos i Calcat,Carrer de Flos i Calcat, 2,Barcelona,0193,Barcelona,08,4,moto,,93.205.22.60,92352141944,BSM004
08-0193-21-1,B:SM Serveis Municipals,APARCAMENT PUBLIC ,NORMAL,Schuko,NORMAL,MENNEKES.F,,,41.406731,2.133691,B:SM 27 - Plaça Bonanova,Plaça de la Bonanova, 12,Barcelona,0193,Barcelona,08,4,cotxe,,93.418.93.85,99400155513,BSM005
08-0193-21-2,B:SM Serveis Municipals,APARCAMENT PUBLIC ,NORMAL,Schuko,NORMAL,MENNEKES.F,,,41.406731,2.133691,B:SM 27 - Plaça Bonanova,Plaça de la Bonanova, 12,Barcelona,0193,Barcelona,08,4,cotxe,,93.418.93.85,99400155513,BSM005
08-0193-21-3,B:SM Serveis Municipals,APARCAMENT PUBLIC ,NORMAL,Schuko,NORMAL,MENNEKES.F,,,41.406731,2.133691,B:SM 27 - Plaça Bonanova,Plaça de la Bonanova, 12,Barcelona,0193,Barcelona,08,4,cotxe,,93.418.93.85,99400155513,BSM005
08-0193-21-4,B:SM Serveis Municipals,APARCAMENT PUBLIC ,NORMAL,Schuko,NORMAL,MENNEKES.F,,,41.406731,2.133691,B:SM 27 - Plaça Bonanova,Plaça de la Bonanova, 12,Barcelona,0193,Barcelona,08,4,moto,,93.418.93.85,99400155513,BSM005
08-0193-22-1,B:SM Serveis Municipals,APARCAMENT PUBLIC ,NORMAL,Schuko,NORMAL,MENNEKES.F,,,41.411148,2.174359,B:SM 2 - Avinguda Gaudí,Carrer de Cartagena, 319 (E1) , Carrer dels Castillejos, 330 (E2),Barcelona,0193,Barcelona,08,4,cotxe,,93.435.17.46,92086026153,BSM006
08-0193-22-2,B:SM Serveis Municipals,APARCAMENT PUBLIC ,NORMAL,Schuko,NORMAL,MENNEKES.F,,,41.411148,2.174359,B:SM 2 - Avinguda Gaudí,Carrer de Cartagena, 319 (E1) , Carrer dels Castillejos, 330 (E2),Barcelona,0193,Barcelona,08,4,cotxe,,93.435.17.46,92086026153,BSM006
08-0193-22-3,B:SM Serveis Municipals,APARCAMENT PUBLIC ,NORMAL,Schuko,NORMAL,MENNEKES.F,,,41.411148,2.174359,B:SM 2 - Avinguda Gaudí,Carrer de Cartagena, 319 (E1) , Carrer dels Castillejos, 330 (E2),Barcelona,0193,Barcelona,08,4,cotxe,,93.435.17.46,92086026153,BSM006
08-0193-22-4,B:SM Serveis Municipals,APARCAMENT PUBLIC ,NORMAL,Schuko,NORMAL,MENNEKES.F,,,41.411148,2.174359,B:SM 2 - Avinguda Gaudí,Carrer de Cartagena, 319 (E1) , Carrer dels Castillejos, 330 (E2),Barcelona,0193,Barcelona,08,4,moto,,93.435.17.46,92086026153,BSM006
08-0193-23-1,B:SM Serveis Municipals,APARCAMENT PUBLIC ,NORMAL,Schuko,NORMAL,MENNEKES.F,,,41.384186,2.122279,B:SM 38 - Tanatori Les Corts,Avinguda  de Joan XXIII, 23 - 25,Barcelona,0193,Barcelona,08,4,cotxe,,93.339.72.16,99400157899,BSM007
08-0193-23-2,B:SM Serveis Municipals,APARCAMENT PUBLIC ,NORMAL,Schuko,NORMAL,MENNEKES.F,,,41.384186,2.122279,B:SM 38 - Tanatori Les Corts,Avinguda  de Joan XXIII, 23 - 25,Barcelona,0193,Barcelona,08,4,cotxe,,93.339.72.16,99400157899,BSM007
08-0193-23-3,B:SM Serveis Municipals,APARCAMENT PUBLIC ,NORMAL,Schuko,NORMAL,MENNEKES.F,,,41.384186,2.122279,B:SM 38 - Tanatori Les Corts,Avinguda  de Joan XXIII, 23 - 25,Barcelona,0193,Barcelona,08,4,moto,,93.339.72.16,99400157899,BSM007
08-0193-23-4,B:SM Serveis Municipals,APARCAMENT PUBLIC ,NORMAL,Schuko,NORMAL,MENNEKES.F,,,41.384186,2.122279,B:SM 38 - Tanatori Les Corts,Avinguda  de Joan XXIII, 23 - 25,Barcelona,0193,Barcelona,08,4,moto,,93.339.72.16,99400157899,BSM007
08-0193-24-1,B:SM Serveis Municipals,APARCAMENT PUBLIC ,NORMAL,Schuko,NORMAL,MENNEKES.F,,,41.37212,2.156625,B:SM 7 - Ciutat del Teatre,Carrer de la França Xica, 35,Barcelona,0193,Barcelona,08,3,cotxe,,93.424.61.60,99400032112,BSM008
08-0193-24-2,B:SM Serveis Municipals,APARCAMENT PUBLIC ,NORMAL,Schuko,NORMAL,MENNEKES.F,,,41.37212,2.156625,B:SM 7 - Ciutat del Teatre,Carrer de la França Xica, 35,Barcelona,0193,Barcelona,08,3,cotxe,,93.424.61.60,99400032112,BSM008
08-0193-24-3,B:SM Serveis Municipals,APARCAMENT PUBLIC ,NORMAL,Schuko,NORMAL,MENNEKES.F,,,41.37212,2.156625,B:SM 7 - Ciutat del Teatre,Carrer de la França Xica, 35,Barcelona,0193,Barcelona,08,3,cotxe,,93.424.61.60,99400032112,BSM008
08-0193-25-1,B:SM Serveis Municipals,APARCAMENT PUBLIC ,NORMAL,Schuko,NORMAL,MENNEKES.F,,,41.426834,2.184219,B:SM 8 - Concepció Arenal,Carrer de Concepción Arenal, 156,Barcelona,0193,Barcelona,08,4,cotxe,,93.340.60.95,99400147898,BSM009
08-0193-25-2,B:SM Serveis Municipals,APARCAMENT PUBLIC ,NORMAL,Schuko,NORMAL,MENNEKES.F,,,41.426834,2.184219,B:SM 8 - Concepció Arenal,Carrer de Concepción Arenal, 156,Barcelona,0193,Barcelona,08,4,cotxe,,93.340.60.95,99400147898,BSM009
08-0193-25-3,B:SM Serveis Municipals,APARCAMENT PUBLIC ,NORMAL,Schuko,NORMAL,MENNEKES.F,,,41.426834,2.184219,B:SM 8 - Concepció Arenal,Carrer de Concepción Arenal, 156,Barcelona,0193,Barcelona,08,4,cotxe,,93.340.60.95,99400147898,BSM009
08-0193-25-4,B:SM Serveis Municipals,APARCAMENT PUBLIC ,NORMAL,Schuko,NORMAL,MENNEKES.F,,,41.426834,2.184219,B:SM 8 - Concepció Arenal,Carrer de Concepción Arenal, 156,Barcelona,0193,Barcelona,08,4,moto,,93.340.60.95,99400147898,BSM009
08-0193-26-1,B:SM Serveis Municipals,APARCAMENT PUBLIC ,NORMAL,Schuko,NORMAL,MENNEKES.F,,,41.380864,2.183077,B:SM 23 - Moll de la Fusta,Carrer de l'Ictineu,Barcelona,0193,Barcelona,08,5,cotxe,,93.221.50.15,92086026151,BSM010
08-0193-26-2,B:SM Serveis Municipals,APARCAMENT PUBLIC ,NORMAL,Schuko,NORMAL,MENNEKES.F,,,41.380864,2.183077,B:SM 23 - Moll de la Fusta,Carrer de l'Ictineu,Barcelona,0193,Barcelona,08,5,cotxe,,93.221.50.15,92086026151,BSM010
08-0193-26-3,B:SM Serveis Municipals,APARCAMENT PUBLIC ,NORMAL,Schuko,NORMAL,MENNEKES.F,,,41.380864,2.183077,B:SM 23 - Moll de la Fusta,Carrer de l'Ictineu,Barcelona,0193,Barcelona,08,5,cotxe,,93.221.50.15,92086026151,BSM010
08-0193-26-4,B:SM Serveis Municipals,APARCAMENT PUBLIC ,NORMAL,Schuko,NORMAL,MENNEKES.F,,,41.380864,2.183077,B:SM 23 - Moll de la Fusta,Carrer de l'Ictineu,Barcelona,0193,Barcelona,08,5,cotxe,,93.221.50.15,92086026151,BSM010
08-0193-26-5,B:SM Serveis Municipals,APARCAMENT PUBLIC ,NORMAL,Schuko,NORMAL,MENNEKES.F,,,41.380864,2.183077,B:SM 23 - Moll de la Fusta,Carrer de l'Ictineu,Barcelona,0193,Barcelona,08,5,moto,,93.221.50.15,92086026151,BSM010
08-0193-27-1,B:SM Serveis Municipals,APARCAMENT PUBLIC ,NORMAL,Schuko,NORMAL,MENNEKES.F,,,41.40247,2.204062,B:SM 4 - Bilbao-Llull,Carrer de Bilbao, 24,Barcelona,0193,Barcelona,08,4,cotxe,,93.309.77.55,99400236540,BSM011
08-0193-27-2,B:SM Serveis Municipals,APARCAMENT PUBLIC ,NORMAL,Schuko,NORMAL,MENNEKES.F,,,41.40247,2.204062,B:SM 4 - Bilbao-Llull,Carrer de Bilbao, 24,Barcelona,0193,Barcelona,08,4,cotxe,,93.309.77.55,99400236540,BSM011
08-0193-27-3,B:SM Serveis Municipals,APARCAMENT PUBLIC ,NORMAL,Schuko,NORMAL,MENNEKES.F,,,41.40247,2.204062,B:SM 4 - Bilbao-Llull,Carrer de Bilbao, 24,Barcelona,0193,Barcelona,08,4,cotxe,,93.309.77.55,99400236540,BSM011
08-0193-27-4,B:SM Serveis Municipals,APARCAMENT PUBLIC ,NORMAL,Schuko,NORMAL,MENNEKES.F,,,41.40247,2.204062,B:SM 4 - Bilbao-Llull,Carrer de Bilbao, 24,Barcelona,0193,Barcelona,08,4,moto,,93.309.77.55,99400236540,BSM011
08-0193-28-1,B:SM Serveis Municipals,APARCAMENT PUBLIC ,NORMAL,Schuko,NORMAL,MENNEKES.F,,,41.4067,2.2184,B:SM 13 - García Fària,Passeig de Garcia Fària, 71,Barcelona,0193,Barcelona,08,2.cotxe,,93.356.09.17,99400157871,BSM012
08-0193-28-2,B:SM Serveis Municipals,APARCAMENT PUBLIC ,NORMAL,Schuko,NORMAL,MENNEKES.F,,,41.4067,2.2184,B:SM 13 - García Fària,Passeig de Garcia Fària, 71,Barcelona,0193,Barcelona,08,2.cotxe,,93.356.09.17,99400157871,BSM012
08-0193-29-1,B:SM Serveis Municipals,APARCAMENT PUBLIC ,NORMAL,Schuko,NORMAL,MENNEKES.F,,,41.386972,2.197056,B:SM 19 - Marina Port,Carrer de la Marina, 13-17,Barcelona,0193,Barcelona,08,9,cotxe,,93.221.00.14,99159121430,BSM013
08-0193-29-2,B:SM Serveis Municipals,APARCAMENT PUBLIC ,NORMAL,Schuko,NORMAL,MENNEKES.F,,,41.386972,2.197056,B:SM 19 - Marina Port,Carrer de la Marina, 13-17,Barcelona,0193,Barcelona,08,9,cotxe,,93.221.00.14,99159121430,BSM013
08-0193-29-3,B:SM Serveis Municipals,APARCAMENT PUBLIC ,NORMAL,Schuko,NORMAL,MENNEKES.F,,,41.386972,2.197056,B:SM 19 - Marina Port,Carrer de la Marina, 13-17,Barcelona,0193,Barcelona,08,9,cotxe,,93.221.00.14,99159121430,BSM013
08-0193-29-4,B:SM Serveis Municipals,APARCAMENT PUBLIC ,NORMAL,Schuko,NORMAL,MENNEKES.F,,,41.386972,2.197056,B:SM 19 - Marina Port,Carrer de la Marina, 13-17,Barcelona,0193,Barcelona,08,9,cotxe,,93.221.00.14,99159121430,BSM013
08-0193-29-5,B:SM Serveis Municipals,APARCAMENT PUBLIC ,NORMAL,Schuko,NORMAL,MENNEKES.F,,,41.386972,2.197056,B:SM 19 - Marina Port,Carrer de la Marina, 13-17,Barcelona,0193,Barcelona,08,9,cotxe,,93.221.00.14,99159121430,BSM013
08-0193-29-6,B:SM Serveis Municipals,APARCAMENT PUBLIC ,NORMAL,Schuko,NORMAL,MENNEKES.F,,,41.386972,2.197056,B:SM 19 - Marina Port,Carrer de la Marina, 13-17,Barcelona,0193,Barcelona,08,9,cotxe,,93.221.00.14,99159121430,BSM013
08-0193-29-7,B:SM Serveis Municipals,APARCAMENT PUBLIC ,NORMAL,Schuko,NORMAL,MENNEKES.F,,,41.386972,2.197056,B:SM 19 - Marina Port,Carrer de la Marina, 13-17,Barcelona,0193,Barcelona,08,9,cotxe,,93.221.00.14,99159121430,BSM013
08-0193-29-8,B:SM Serveis Municipals,APARCAMENT PUBLIC ,NORMAL,Schuko,NORMAL,MENNEKES.F,,,41.386972,2.197056,B:SM 19 - Marina Port,Carrer de la Marina, 13-17,Barcelona,0193,Barcelona,08,9,moto,,93.221.00.14,99159121430,BSM013
08-0193-29-9,B:SM Serveis Municipals,APARCAMENT PUBLIC ,NORMAL,Schuko,NORMAL,MENNEKES.F,,,41.386972,2.197056,B:SM 19 - Marina Port,Carrer de la Marina, 13-17,Barcelona,0193,Barcelona,08,9,moto,,93.221.00.14,99159121430,BSM013
08-0193-30-1,B:SM Serveis Municipals,APARCAMENT PUBLIC ,NORMAL,Schuko,NORMAL,MENNEKES.F,,,41.394238,2.181891,B:SM 10 - Estació Barcelona-Nord,Carrer d'Alí Bei, 54,Barcelona,0193,Barcelona,08,8,cotxe,,93.265.81.64,93308083222,BSM014
08-0193-30-2,B:SM Serveis Municipals,APARCAMENT PUBLIC ,NORMAL,Schuko,NORMAL,MENNEKES.F,,,41.394238,2.181891,B:SM 10 - Estació Barcelona-Nord,Carrer d'Alí Bei, 54,Barcelona,0193,Barcelona,08,8,cotxe,,93.265.81.64,93308083222,BSM014
08-0193-30-3,B:SM Serveis Municipals,APARCAMENT PUBLIC ,NORMAL,Schuko,NORMAL,MENNEKES.F,,,41.394238,2.181891,B:SM 10 - Estació Barcelona-Nord,Carrer d'Alí Bei, 54,Barcelona,0193,Barcelona,08,8,cotxe,,93.265.81.64,93308083222,BSM014
08-0193-30-4,B:SM Serveis Municipals,APARCAMENT PUBLIC ,NORMAL,Schuko,NORMAL,MENNEKES.F,,,41.394238,2.181891,B:SM 10 - Estació Barcelona-Nord,Carrer d'Alí Bei, 54,Barcelona,0193,Barcelona,08,8,cotxe,,93.265.81.64,93308083222,BSM014
08-0193-30-5,B:SM Serveis Municipals,APARCAMENT PUBLIC ,NORMAL,Schuko,NORMAL,MENNEKES.F,,,41.394238,2.181891,B:SM 10 - Estació Barcelona-Nord,Carrer d'Alí Bei, 54,Barcelona,0193,Barcelona,08,8,moto,,93.265.81.64,93308083222,BSM014
08-0193-30-6,B:SM Serveis Municipals,APARCAMENT PUBLIC ,NORMAL,Schuko,NORMAL,MENNEKES.F,,,41.394238,2.181891,B:SM 10 - Estació Barcelona-Nord,Carrer d'Alí Bei, 54,Barcelona,0193,Barcelona,08,8,moto,,93.265.81.64,93308083222,BSM014
08-0193-30-7,B:SM Serveis Municipals,APARCAMENT PUBLIC ,NORMAL,Schuko,NORMAL,MENNEKES.F,,,41.394238,2.181891,B:SM 10 - Estació Barcelona-Nord,Carrer d'Alí Bei, 54,Barcelona,0193,Barcelona,08,8,moto,,93.265.81.64,93308083222,BSM014
08-0193-30-8,B:SM Serveis Municipals,APARCAMENT PUBLIC ,NORMAL,Schuko,NORMAL,MENNEKES.F,,,41.394238,2.181891,B:SM 10 - Estació Barcelona-Nord,Carrer d'Alí Bei, 54,Barcelona,0193,Barcelona,08,8,moto,,93.265.81.64,93308083222,BSM014
08-0193-31-1,B:SM Serveis Municipals,APARCAMENT PUBLIC ,NORMAL,Schuko,NORMAL,MENNEKES.F,,,41.394009,2.115265,B:SM 20 - Marques de Mulhacen,Carrer de Marquès de Mulhacén, 49-51,Barcelona,0193,Barcelona,08,8,cotxe,,93.205.02.09,99400335491,BSM015
08-0193-31-2,B:SM Serveis Municipals,APARCAMENT PUBLIC ,NORMAL,Schuko,NORMAL,MENNEKES.F,,,41.394009,2.115265,B:SM 20 - Marques de Mulhacen,Carrer de Marquès de Mulhacén, 49-51,Barcelona,0193,Barcelona,08,8,cotxe,,93.205.02.09,99400335491,BSM015
08-0193-31-3,B:SM Serveis Municipals,APARCAMENT PUBLIC ,NORMAL,Schuko,NORMAL,MENNEKES.F,,,41.394009,2.115265,B:SM 20 - Marques de Mulhacen,Carrer de Marquès de Mulhacén, 49-51,Barcelona,0193,Barcelona,08,8,cotxe,,93.205.02.09,99400335491,BSM015
08-0193-31-4,B:SM Serveis Municipals,APARCAMENT PUBLIC ,NORMAL,Schuko,NORMAL,MENNEKES.F,,,41.394009,2.115265,B:SM 20 - Marques de Mulhacen,Carrer de Marquès de Mulhacén, 49-51,Barcelona,0193,Barcelona,08,8,cotxe,,93.205.02.09,99400335491,BSM015
08-0193-31-5,B:SM Serveis Municipals,APARCAMENT PUBLIC ,NORMAL,Schuko,NORMAL,MENNEKES.F,,,41.394009,2.115265,B:SM 20 - Marques de Mulhacen,Carrer de Marquès de Mulhacén, 49-51,Barcelona,0193,Barcelona,08,8,cotxe,,93.205.02.09,99400335491,BSM015
08-0193-31-6,B:SM Serveis Municipals,APARCAMENT PUBLIC ,NORMAL,Schuko,NORMAL,MENNEKES.F,,,41.394009,2.115265,B:SM 20 - Marques de Mulhacen,Carrer de Marquès de Mulhacén, 49-51,Barcelona,0193,Barcelona,08,8,cotxe,,93.205.02.09,99400335491,BSM015
08-0193-31-7,B:SM Serveis Municipals,APARCAMENT PUBLIC ,NORMAL,Schuko,NORMAL,MENNEKES.F,,,41.394009,2.115265,B:SM 20 - Marques de Mulhacen,Carrer de Marquès de Mulhacén, 49-51,Barcelona,0193,Barcelona,08,8,moto,,93.205.02.09,99400335491,BSM015
08-0193-31-8,B:SM Serveis Municipals,APARCAMENT PUBLIC ,NORMAL,Schuko,NORMAL,MENNEKES.F,,,41.394009,2.115265,B:SM 20 - Marques de Mulhacen,Carrer de Marquès de Mulhacén, 49-51,Barcelona,0193,Barcelona,08,8,moto,,93.205.02.09,99400335491,BSM015
08-0193-32-1,B:SM Serveis Municipals,APARCAMENT PUBLIC ,NORMAL,Schuko,NORMAL,MENNEKES.F,,,41.372299,2.153134,B:SM 35 - Rius i Taulet,Avinguda  de Rius i Taulet, 4-12,Barcelona,0193,Barcelona,08,6,cotxe,,93.423.53.61,92086026152,BSM016
08-0193-32-2,B:SM Serveis Municipals,APARCAMENT PUBLIC ,NORMAL,Schuko,NORMAL,MENNEKES.F,,,41.372299,2.153134,B:SM 35 - Rius i Taulet,Avinguda  de Rius i Taulet, 4-12,Barcelona,0193,Barcelona,08,6,cotxe,,93.423.53.61,92086026152,BSM016
08-0193-32-3,B:SM Serveis Municipals,APARCAMENT PUBLIC ,NORMAL,Schuko,NORMAL,MENNEKES.F,,,41.372299,2.153134,B:SM 35 - Rius i Taulet,Avinguda  de Rius i Taulet, 4-12,Barcelona,0193,Barcelona,08,6,cotxe,,93.423.53.61,92086026152,BSM016
08-0193-32-4,B:SM Serveis Municipals,APARCAMENT PUBLIC ,NORMAL,Schuko,NORMAL,MENNEKES.F,,,41.372299,2.153134,B:SM 35 - Rius i Taulet,Avinguda  de Rius i Taulet, 4-12,Barcelona,0193,Barcelona,08,6,moto,,93.423.53.61,92086026152,BSM016
08-0193-32-5,B:SM Serveis Municipals,APARCAMENT PUBLIC ,NORMAL,Schuko,NORMAL,MENNEKES.F,,,41.372299,2.153134,B:SM 35 - Rius i Taulet,Avinguda  de Rius i Taulet, 4-12,Barcelona,0193,Barcelona,08,6,moto,,93.423.53.61,92086026152,BSM016
08-0193-32-6,B:SM Serveis Municipals,APARCAMENT PUBLIC ,NORMAL,Schuko,NORMAL,MENNEKES.F,,,41.372299,2.153134,B:SM 35 - Rius i Taulet,Avinguda  de Rius i Taulet, 4-12,Barcelona,0193,Barcelona,08,6,moto,,93.423.53.61,92086026152,BSM016
08-0193-33-1,B:SM Serveis Municipals,APARCAMENT PUBLIC ,NORMAL,Schuko,NORMAL,MENNEKES.F,,,41.3885,2.1983,B:SM 17 - Litoral Port,Avinguda  del Litoral, 34,Barcelona,0193,Barcelona,08,3,cotxe,,93.409.20.21,94279114400,BSM017
08-0193-33-2,B:SM Serveis Municipals,APARCAMENT PUBLIC ,NORMAL,Schuko,NORMAL,MENNEKES.F,,,41.3885,2.1983,B:SM 17 - Litoral Port,Avinguda  del Litoral, 34,Barcelona,0193,Barcelona,08,3,cotxe,,93.409.20.21,94279114400,BSM017
08-0193-33-3,B:SM Serveis Municipals,APARCAMENT PUBLIC ,NORMAL,Schuko,NORMAL,MENNEKES.F,,,41.3885,2.1983,B:SM 17 - Litoral Port,Avinguda  del Litoral, 34,Barcelona,0193,Barcelona,08,3,cotxe,,93.409.20.21,94279114400,BSM017
08-0193-34-1,B:SM Serveis Municipals,APARCAMENT PUBLIC ,NORMAL,Schuko,NORMAL,MENNEKES.F,,,41.4053,2.1429,B:SM 22 - Mitre Putxet,Ronda General Mitre, 203,Barcelona,0193,Barcelona,08,2.cotxe,,93.212.13.43,99400263228,BSM018
08-0193-34-2,B:SM Serveis Municipals,APARCAMENT PUBLIC ,NORMAL,Schuko,NORMAL,MENNEKES.F,,,41.4053,2.1429,B:SM 22 - Mitre Putxet,Ronda General Mitre, 203,Barcelona,0193,Barcelona,08,2.cotxe,,93.212.13.43,99400263228,BSM018
08-0193-35-1,B:SM Serveis Municipals,APARCAMENT PUBLIC ,NORMAL,Schuko,NORMAL,MENNEKES.F,,,41.4274,2.1772,B:SM 16 - Illa Borbó,Carrer de Ramon Albó ,77,Barcelona,0193,Barcelona,08,2.cotxe,,93.408.56.44,99400274487,BSM019
08-0193-35-2,B:SM Serveis Municipals,APARCAMENT PUBLIC ,NORMAL,Schuko,NORMAL,MENNEKES.F,,,41.4274,2.1772,B:SM 16 - Illa Borbó,Carrer de Ramon Albó ,77,Barcelona,0193,Barcelona,08,2.moto,,93.408.56.44,99400274487,BSM019
08-0193-36-1,B:SM Serveis Municipals,APARCAMENT PUBLIC ,NORMAL,Schuko,NORMAL,MENNEKES.F,,,41.40316548,2.189422846,B:SM 3 - Badajoz -Glòries,Carrer de Badajoz, 168,Barcelona,0193,Barcelona,08,5,cotxe,,93.328.49.49,99400335495,BSM020
08-0193-36-2,B:SM Serveis Municipals,APARCAMENT PUBLIC ,NORMAL,Schuko,NORMAL,MENNEKES.F,,,41.40316548,2.189422846,B:SM 3 - Badajoz -Glòries,Carrer de Badajoz, 168,Barcelona,0193,Barcelona,08,5,cotxe,,93.328.49.49,99400335495,BSM020
08-0193-36-3,B:SM Serveis Municipals,APARCAMENT PUBLIC ,NORMAL,Schuko,NORMAL,MENNEKES.F,,,41.40316548,2.189422846,B:SM 3 - Badajoz -Glòries,Carrer de Badajoz, 168,Barcelona,0193,Barcelona,08,5,cotxe,,93.328.49.49,99400335495,BSM020
08-0193-36-4,B:SM Serveis Municipals,APARCAMENT PUBLIC ,NORMAL,Schuko,NORMAL,MENNEKES.F,,,41.40316548,2.189422846,B:SM 3 - Badajoz -Glòries,Carrer de Badajoz, 168,Barcelona,0193,Barcelona,08,5,moto,,93.328.49.49,99400335495,BSM020
08-0193-36-5,B:SM Serveis Municipals,APARCAMENT PUBLIC ,NORMAL,Schuko,NORMAL,MENNEKES.F,,,41.40316548,2.189422846,B:SM 3 - Badajoz -Glòries,Carrer de Badajoz, 168,Barcelona,0193,Barcelona,08,5,moto,,93.328.49.49,99400335495,BSM020
08-0193-37-1,B:SM Serveis Municipals,APARCAMENT PUBLIC ,NORMAL,Schuko,NORMAL,MENNEKES.F,,,41.405746,2.162722,B:SM 28 - Plaça Joanic,Carrer de l'Escorial, 1 - Pl, Joanic, 1,Barcelona,0193,Barcelona,08,4,cotxe,,93.284.63.45,99400176822,BSM021
08-0193-37-2,B:SM Serveis Municipals,APARCAMENT PUBLIC ,NORMAL,Schuko,NORMAL,MENNEKES.F,,,41.405746,2.162722,B:SM 28 - Plaça Joanic,Carrer de l'Escorial, 1 - Pl, Joanic, 1,Barcelona,0193,Barcelona,08,4,cotxe,,93.284.63.45,99400176822,BSM021
08-0193-37-3,B:SM Serveis Municipals,APARCAMENT PUBLIC ,NORMAL,Schuko,NORMAL,MENNEKES.F,,,41.405746,2.162722,B:SM 28 - Plaça Joanic,Carrer de l'Escorial, 1 - Pl, Joanic, 1,Barcelona,0193,Barcelona,08,4,cotxe,,93.284.63.45,99400176822,BSM021
08-0193-37-4,B:SM Serveis Municipals,APARCAMENT PUBLIC ,NORMAL,Schuko,NORMAL,MENNEKES.F,,,41.405746,2.162722,B:SM 28 - Plaça Joanic,Carrer de l'Escorial, 1 - Pl, Joanic, 1,Barcelona,0193,Barcelona,08,4,moto,,93.284.63.45,99400176822,BSM021
08-0193-38-1,B:SM Serveis Municipals,APARCAMENT PUBLIC ,NORMAL,Schuko,NORMAL,MENNEKES.F,,,41.442055,2.177675,B:SM 31 - Plaça Francesc Layret,Via Júlia, 95,Barcelona,0193,Barcelona,08,4,cotxe,,93.359.39.56,2059101256,BSM022
08-0193-38-2,B:SM Serveis Municipals,APARCAMENT PUBLIC ,NORMAL,Schuko,NORMAL,MENNEKES.F,,,41.442055,2.177675,B:SM 31 - Plaça Francesc Layret,Via Júlia, 95,Barcelona,0193,Barcelona,08,4,cotxe,,93.359.39.56,2059101256,BSM022
08-0193-38-3,B:SM Serveis Municipals,APARCAMENT PUBLIC ,NORMAL,Schuko,NORMAL,MENNEKES.F,,,41.442055,2.177675,B:SM 31 - Plaça Francesc Layret,Via Júlia, 95,Barcelona,0193,Barcelona,08,4,cotxe,,93.359.39.56,2059101256,BSM022
08-0193-38-4,B:SM Serveis Municipals,APARCAMENT PUBLIC ,NORMAL,Schuko,NORMAL,MENNEKES.F,,,41.442055,2.177675,B:SM 31 - Plaça Francesc Layret,Via Júlia, 95,Barcelona,0193,Barcelona,08,4,moto,,93.359.39.56,2059101256,BSM022
08-0193-39-1,B:SM Serveis Municipals,APARCAMENT PUBLIC ,NORMAL,Schuko,NORMAL,MENNEKES.F,,,41.399815,2.123474,B:SM 32 - Porta de Sarrià,Carrer de Salvador Mundí, 17,Barcelona,0193,Barcelona,08,3,cotxe,,93.280.17.52,1185155556,BSM023
08-0193-39-2,B:SM Serveis Municipals,APARCAMENT PUBLIC ,NORMAL,Schuko,NORMAL,MENNEKES.F,,,41.399815,2.123474,B:SM 32 - Porta de Sarrià,Carrer de Salvador Mundí, 17,Barcelona,0193,Barcelona,08,3,cotxe,,93.280.17.52,1185155556,BSM023
08-0193-39-3,B:SM Serveis Municipals,APARCAMENT PUBLIC ,NORMAL,Schuko,NORMAL,MENNEKES.F,,,41.399815,2.123474,B:SM 32 - Porta de Sarrià,Carrer de Salvador Mundí, 17,Barcelona,0193,Barcelona,08,3,moto,,93.280.17.52,1185155556,BSM023
08-0193-40-1,B:SM Serveis Municipals,APARCAMENT PUBLIC ,NORMAL,Schuko,NORMAL,MENNEKES.F,,,41.430428,2.187965,B:SM 36 - Sant Andreu Teatre,Carrer de les Monges, 2,Barcelona,0193,Barcelona,08,3,cotxe,,93.311.49.01,2059101139,BSM024
08-0193-40-2,B:SM Serveis Municipals,APARCAMENT PUBLIC ,NORMAL,Schuko,NORMAL,MENNEKES.F,,,41.430428,2.187965,B:SM 36 - Sant Andreu Teatre,Carrer de les Monges, 2,Barcelona,0193,Barcelona,08,3,cotxe,,93.311.49.01,2059101139,BSM024
08-0193-40-3,B:SM Serveis Municipals,APARCAMENT PUBLIC ,NORMAL,Schuko,NORMAL,MENNEKES.F,,,41.430428,2.187965,B:SM 36 - Sant Andreu Teatre,Carrer de les Monges, 2,Barcelona,0193,Barcelona,08,3,moto,,93.311.49.01,2059101139,BSM024
08-0193-41-1,B:SM Serveis Municipals,APARCAMENT PUBLIC ,NORMAL,Schuko,NORMAL,MENNEKES.F,,,41.4092,2.1681,B:SM 18 - Marina Gracia,Carrer de la Marina, 345,Barcelona,0193,Barcelona,08,6,cotxe,,93.450.04.49,93173100908,BSM025
08-0193-41-2,B:SM Serveis Municipals,APARCAMENT PUBLIC ,NORMAL,Schuko,NORMAL,MENNEKES.F,,,41.4092,2.1681,B:SM 18 - Marina Gracia,Carrer de la Marina, 345,Barcelona,0193,Barcelona,08,6,cotxe,,93.450.04.49,93173100908,BSM025
08-0193-41-3,B:SM Serveis Municipals,APARCAMENT PUBLIC ,NORMAL,Schuko,NORMAL,MENNEKES.F,,,41.4092,2.1681,B:SM 18 - Marina Gracia,Carrer de la Marina, 345,Barcelona,0193,Barcelona,08,6,cotxe,,93.450.04.49,93173100908,BSM025
08-0193-41-4,B:SM Serveis Municipals,APARCAMENT PUBLIC ,NORMAL,Schuko,NORMAL,MENNEKES.F,,,41.4092,2.1681,B:SM 18 - Marina Gracia,Carrer de la Marina, 345,Barcelona,0193,Barcelona,08,6,cotxe,,93.450.04.49,93173100908,BSM025
08-0193-41-5,B:SM Serveis Municipals,APARCAMENT PUBLIC ,NORMAL,Schuko,NORMAL,MENNEKES.F,,,41.4092,2.1681,B:SM 18 - Marina Gracia,Carrer de la Marina, 345,Barcelona,0193,Barcelona,08,6,moto,,93.450.04.49,93173100908,BSM025
08-0193-41-6,B:SM Serveis Municipals,APARCAMENT PUBLIC ,NORMAL,Schuko,NORMAL,MENNEKES.F,,,41.4092,2.1681,B:SM 18 - Marina Gracia,Carrer de la Marina, 345,Barcelona,0193,Barcelona,08,6,moto,,93.450.04.49,93173100908,BSM025
08-0193-42-1,B:SM Serveis Municipals,APARCAMENT PUBLIC ,NORMAL,Schuko,NORMAL,MENNEKES.F,,,41.385662,2.193913,B:SM 25 - P.R.Biomèdica,Carrer del Doctor Aiguader, 88,Barcelona,0193,Barcelona,08,7,cotxe,,93.409.20.21,99400180604,BSM026
08-0193-42-2,B:SM Serveis Municipals,APARCAMENT PUBLIC ,NORMAL,Schuko,NORMAL,MENNEKES.F,,,41.385662,2.193913,B:SM 25 - P.R.Biomèdica,Carrer del Doctor Aiguader, 88,Barcelona,0193,Barcelona,08,7,cotxe,,93.409.20.21,99400180604,BSM026
08-0193-42-3,B:SM Serveis Municipals,APARCAMENT PUBLIC ,NORMAL,Schuko,NORMAL,MENNEKES.F,,,41.385662,2.193913,B:SM 25 - P.R.Biomèdica,Carrer del Doctor Aiguader, 88,Barcelona,0193,Barcelona,08,7,cotxe,,93.409.20.21,99400180604,BSM026
08-0193-42-4,B:SM Serveis Municipals,APARCAMENT PUBLIC ,NORMAL,Schuko,NORMAL,MENNEKES.F,,,41.385662,2.193913,B:SM 25 - P.R.Biomèdica,Carrer del Doctor Aiguader, 88,Barcelona,0193,Barcelona,08,7,cotxe,,93.409.20.21,99400180604,BSM026
08-0193-42-5,B:SM Serveis Municipals,APARCAMENT PUBLIC ,NORMAL,Schuko,NORMAL,MENNEKES.F,,,41.385662,2.193913,B:SM 25 - P.R.Biomèdica,Carrer del Doctor Aiguader, 88,Barcelona,0193,Barcelona,08,7,cotxe,,93.409.20.21,99400180604,BSM026
08-0193-42-6,B:SM Serveis Municipals,APARCAMENT PUBLIC ,NORMAL,Schuko,NORMAL,MENNEKES.F,,,41.385662,2.193913,B:SM 25 - P.R.Biomèdica,Carrer del Doctor Aiguader, 88,Barcelona,0193,Barcelona,08,7,moto,,93.409.20.21,99400180604,BSM026
08-0193-42-7,B:SM Serveis Municipals,APARCAMENT PUBLIC ,NORMAL,Schuko,NORMAL,MENNEKES.F,,,41.385662,2.193913,B:SM 25 - P.R.Biomèdica,Carrer del Doctor Aiguader, 88,Barcelona,0193,Barcelona,08,7,moto,,93.409.20.21,99400180604,BSM026
08-0193-43-1,B:SM Serveis Municipals,APARCAMENT PUBLIC ,NORMAL,Schuko,NORMAL,MENNEKES.F,,,41.413015,2.221156,B:SM 30 - Plaça del Fòrum ,Carrer del Camp de la Bota 4C, - Plaça Ernest Narcís i Roca,Barcelona,0193,Barcelona,08,6,cotxe,,93.356.11.99,99400109894,BSM027
08-0193-43-2,B:SM Serveis Municipals,APARCAMENT PUBLIC ,NORMAL,Schuko,NORMAL,MENNEKES.F,,,41.413015,2.221156,B:SM 30 - Plaça del Fòrum ,Carrer del Camp de la Bota 4C, - Plaça Ernest Narcís i Roca,Barcelona,0193,Barcelona,08,6,cotxe,,93.356.11.99,99400109894,BSM027
08-0193-43-3,B:SM Serveis Municipals,APARCAMENT PUBLIC ,NORMAL,Schuko,NORMAL,MENNEKES.F,,,41.413015,2.221156,B:SM 30 - Plaça del Fòrum ,Carrer del Camp de la Bota 4C, - Plaça Ernest Narcís i Roca,Barcelona,0193,Barcelona,08,6,cotxe,,93.356.11.99,99400109894,BSM027
08-0193-43-4,B:SM Serveis Municipals,APARCAMENT PUBLIC ,NORMAL,Schuko,NORMAL,MENNEKES.F,,,41.413015,2.221156,B:SM 30 - Plaça del Fòrum ,Carrer del Camp de la Bota 4C, - Plaça Ernest Narcís i Roca,Barcelona,0193,Barcelona,08,6,cotxe,,93.356.11.99,99400109894,BSM027
08-0193-43-5,B:SM Serveis Municipals,APARCAMENT PUBLIC ,NORMAL,Schuko,NORMAL,MENNEKES.F,,,41.413015,2.221156,B:SM 30 - Plaça del Fòrum ,Carrer del Camp de la Bota 4C, - Plaça Ernest Narcís i Roca,Barcelona,0193,Barcelona,08,6,moto,,93.356.11.99,99400109894,BSM027
08-0193-43-6,B:SM Serveis Municipals,APARCAMENT PUBLIC ,NORMAL,Schuko,NORMAL,MENNEKES.F,,,41.413015,2.221156,B:SM 30 - Plaça del Fòrum ,Carrer del Camp de la Bota 4C, - Plaça Ernest Narcís i Roca,Barcelona,0193,Barcelona,08,6,moto,,93.356.11.99,99400109894,BSM027
08-0193-44-1,B:SM Serveis Municipals,APARCAMENT PUBLIC ,NORMAL,Schuko,NORMAL,MENNEKES.F,,,41.416515,2.180421,B:SM 26 - Pg. Maragall (C.A.P.),Passeig  de Maragall, 54,Barcelona,0193,Barcelona,08,6,cotxe,,93.435.10.39,95075101412,BSM028
08-0193-44-2,B:SM Serveis Municipals,APARCAMENT PUBLIC ,NORMAL,Schuko,NORMAL,MENNEKES.F,,,41.416515,2.180421,B:SM 26 - Pg. Maragall (C.A.P.),Passeig  de Maragall, 54,Barcelona,0193,Barcelona,08,6,cotxe,,93.435.10.39,95075101412,BSM028
08-0193-44-3,B:SM Serveis Municipals,APARCAMENT PUBLIC ,NORMAL,Schuko,NORMAL,MENNEKES.F,,,41.416515,2.180421,B:SM 26 - Pg. Maragall (C.A.P.),Passeig  de Maragall, 54,Barcelona,0193,Barcelona,08,6,cotxe,,93.435.10.39,95075101412,BSM028
08-0193-44-4,B:SM Serveis Municipals,APARCAMENT PUBLIC ,NORMAL,Schuko,NORMAL,MENNEKES.F,,,41.416515,2.180421,B:SM 26 - Pg. Maragall (C.A.P.),Passeig  de Maragall, 54,Barcelona,0193,Barcelona,08,6,cotxe,,93.435.10.39,95075101412,BSM028
08-0193-44-5,B:SM Serveis Municipals,APARCAMENT PUBLIC ,NORMAL,Schuko,NORMAL,MENNEKES.F,,,41.416515,2.180421,B:SM 26 - Pg. Maragall (C.A.P.),Passeig  de Maragall, 54,Barcelona,0193,Barcelona,08,6,moto,,93.435.10.39,95075101412,BSM028
08-0193-44-6,B:SM Serveis Municipals,APARCAMENT PUBLIC ,NORMAL,Schuko,NORMAL,MENNEKES.F,,,41.416515,2.180421,B:SM 26 - Pg. Maragall (C.A.P.),Passeig  de Maragall, 54,Barcelona,0193,Barcelona,08,6,moto,,93.435.10.39,95075101412,BSM028
08-0193-45-1,B:SM Serveis Municipals,APARCAMENT PUBLIC ,NORMAL,Schuko,NORMAL,MENNEKES.F,,,41.392246,2.128751,B:SM 9 - Cotxeres de Sarrià,Passeig de Manuel Girona, 77,Barcelona,0193,Barcelona,08,6,cotxe,,93.280.27.40,98096134801,BSM029
08-0193-45-2,B:SM Serveis Municipals,APARCAMENT PUBLIC ,NORMAL,Schuko,NORMAL,MENNEKES.F,,,41.392246,2.128751,B:SM 9 - Cotxeres de Sarrià,Passeig de Manuel Girona, 77,Barcelona,0193,Barcelona,08,6,cotxe,,93.280.27.40,98096134801,BSM029
08-0193-45-3,B:SM Serveis Municipals,APARCAMENT PUBLIC ,NORMAL,Schuko,NORMAL,MENNEKES.F,,,41.392246,2.128751,B:SM 9 - Cotxeres de Sarrià,Passeig de Manuel Girona, 77,Barcelona,0193,Barcelona,08,6,cotxe,,93.280.27.40,98096134801,BSM029
08-0193-45-4,B:SM Serveis Municipals,APARCAMENT PUBLIC ,NORMAL,Schuko,NORMAL,MENNEKES.F,,,41.392246,2.128751,B:SM 9 - Cotxeres de Sarrià,Passeig de Manuel Girona, 77,Barcelona,0193,Barcelona,08,6,cotxe,,93.280.27.40,98096134801,BSM029
08-0193-45-5,B:SM Serveis Municipals,APARCAMENT PUBLIC ,NORMAL,Schuko,NORMAL,MENNEKES.F,,,41.392246,2.128751,B:SM 9 - Cotxeres de Sarrià,Passeig de Manuel Girona, 77,Barcelona,0193,Barcelona,08,6,moto,,93.280.27.40,98096134801,BSM029
08-0193-45-6,B:SM Serveis Municipals,APARCAMENT PUBLIC ,NORMAL,Schuko,NORMAL,MENNEKES.F,,,41.392246,2.128751,B:SM 9 - Cotxeres de Sarrià,Passeig de Manuel Girona, 77,Barcelona,0193,Barcelona,08,6,moto,,93.280.27.40,98096134801,BSM029
08-0193-46-1,B:SM Serveis Municipals,APARCAMENT PUBLIC ,NORMAL,Schuko,NORMAL,MENNEKES.F,,,41.396853,2.126718,B:SM 6 -  Cardenal Sentmenat - Vergós,Carrer del Cardenal de Sentmenat, 8 ,Barcelona,0193,Barcelona,08,6,cotxe,,93.280.20.18,99400264195,BSM030
08-0193-46-2,B:SM Serveis Municipals,APARCAMENT PUBLIC ,NORMAL,Schuko,NORMAL,MENNEKES.F,,,41.396853,2.126718,B:SM 6 -  Cardenal Sentmenat - Vergós,Carrer del Cardenal de Sentmenat, 8 ,Barcelona,0193,Barcelona,08,6,cotxe,,93.280.20.18,99400264195,BSM030
08-0193-46-3,B:SM Serveis Municipals,APARCAMENT PUBLIC ,NORMAL,Schuko,NORMAL,MENNEKES.F,,,41.396853,2.126718,B:SM 6 -  Cardenal Sentmenat - Vergós,Carrer del Cardenal de Sentmenat, 8 ,Barcelona,0193,Barcelona,08,6,cotxe,,93.280.20.18,99400264195,BSM030
08-0193-46-4,B:SM Serveis Municipals,APARCAMENT PUBLIC ,NORMAL,Schuko,NORMAL,MENNEKES.F,,,41.396853,2.126718,B:SM 6 -  Cardenal Sentmenat - Vergós,Carrer del Cardenal de Sentmenat, 8 ,Barcelona,0193,Barcelona,08,6,moto,,93.280.20.18,99400264195,BSM030
08-0193-46-5,B:SM Serveis Municipals,APARCAMENT PUBLIC ,NORMAL,Schuko,NORMAL,MENNEKES.F,,,41.396853,2.126718,B:SM 6 -  Cardenal Sentmenat - Vergós,Carrer del Cardenal de Sentmenat, 8 ,Barcelona,0193,Barcelona,08,6,moto,,93.280.20.18,99400264195,BSM030
08-0193-46-6,B:SM Serveis Municipals,APARCAMENT PUBLIC ,NORMAL,Schuko,NORMAL,MENNEKES.F,,,41.396853,2.126718,B:SM 6 -  Cardenal Sentmenat - Vergós,Carrer del Cardenal de Sentmenat, 8 ,Barcelona,0193,Barcelona,08,6,moto,,93.280.20.18,99400264195,BSM030
08-0193-47-1,B:SM Serveis Municipals,APARCAMENT PUBLIC ,NORMAL,Schuko,NORMAL,MENNEKES.F,,,41.382737,2.194412,B:SM 15 - Hospital del Mar,Passeig  Marítim de la Barceloneta, 23-31,Barcelona,0193,Barcelona,08,9,cotxe,,93.221.05.00,92178122019,BSM031
08-0193-47-2,B:SM Serveis Municipals,APARCAMENT PUBLIC ,NORMAL,Schuko,NORMAL,MENNEKES.F,,,41.382737,2.194412,B:SM 15 - Hospital del Mar,Passeig  Marítim de la Barceloneta, 23-31,Barcelona,0193,Barcelona,08,9,cotxe,,93.221.05.00,92178122019,BSM031
08-0193-47-3,B:SM Serveis Municipals,APARCAMENT PUBLIC ,NORMAL,Schuko,NORMAL,MENNEKES.F,,,41.382737,2.194412,B:SM 15 - Hospital del Mar,Passeig  Marítim de la Barceloneta, 23-31,Barcelona,0193,Barcelona,08,9,cotxe,,93.221.05.00,92178122019,BSM031
08-0193-47-4,B:SM Serveis Municipals,APARCAMENT PUBLIC ,NORMAL,Schuko,NORMAL,MENNEKES.F,,,41.382737,2.194412,B:SM 15 - Hospital del Mar,Passeig  Marítim de la Barceloneta, 23-31,Barcelona,0193,Barcelona,08,9,cotxe,,93.221.05.00,92178122019,BSM031
08-0193-47-5,B:SM Serveis Municipals,APARCAMENT PUBLIC ,NORMAL,Schuko,NORMAL,MENNEKES.F,,,41.382737,2.194412,B:SM 15 - Hospital del Mar,Passeig  Marítim de la Barceloneta, 23-31,Barcelona,0193,Barcelona,08,9,cotxe,,93.221.05.00,92178122019,BSM031
08-0193-47-6,B:SM Serveis Municipals,APARCAMENT PUBLIC ,NORMAL,Schuko,NORMAL,MENNEKES.F,,,41.382737,2.194412,B:SM 15 - Hospital del Mar,Passeig  Marítim de la Barceloneta, 23-31,Barcelona,0193,Barcelona,08,9,cotxe,,93.221.05.00,92178122019,BSM031
08-0193-47-7,B:SM Serveis Municipals,APARCAMENT PUBLIC ,NORMAL,Schuko,NORMAL,MENNEKES.F,,,41.382737,2.194412,B:SM 15 - Hospital del Mar,Passeig  Marítim de la Barceloneta, 23-31,Barcelona,0193,Barcelona,08,9,moto,,93.221.05.00,92178122019,BSM031
08-0193-47-8,B:SM Serveis Municipals,APARCAMENT PUBLIC ,NORMAL,Schuko,NORMAL,MENNEKES.F,,,41.382737,2.194412,B:SM 15 - Hospital del Mar,Passeig  Marítim de la Barceloneta, 23-31,Barcelona,0193,Barcelona,08,9,moto,,93.221.05.00,92178122019,BSM031
08-0193-47-9,B:SM Serveis Municipals,APARCAMENT PUBLIC ,NORMAL,Schuko,NORMAL,MENNEKES.F,,,41.382737,2.194412,B:SM 15 - Hospital del Mar,Passeig  Marítim de la Barceloneta, 23-31,Barcelona,0193,Barcelona,08,9,moto,,93.221.05.00,92178122019,BSM031
08-0193-48-1,B:SM Serveis Municipals,APARCAMENT PUBLIC ,NORMAL,Schuko,NORMAL,MENNEKES.F,,,41.399536,2.185355,B:SM 29 - Plaça de les Arts - TNC,Carrer de Padilla, 159,Barcelona,0193,Barcelona,08,6,cotxe,,93.245.10.93,97296093446,BSM032
08-0193-48-2,B:SM Serveis Municipals,APARCAMENT PUBLIC ,NORMAL,Schuko,NORMAL,MENNEKES.F,,,41.399536,2.185355,B:SM 29 - Plaça de les Arts - TNC,Carrer de Padilla, 159,Barcelona,0193,Barcelona,08,6,cotxe,,93.245.10.93,97296093446,BSM032
08-0193-48-3,B:SM Serveis Municipals,APARCAMENT PUBLIC ,NORMAL,Schuko,NORMAL,MENNEKES.F,,,41.399536,2.185355,B:SM 29 - Plaça de les Arts - TNC,Carrer de Padilla, 159,Barcelona,0193,Barcelona,08,6,cotxe,,93.245.10.93,97296093446,BSM032
08-0193-48-4,B:SM Serveis Municipals,APARCAMENT PUBLIC ,NORMAL,Schuko,NORMAL,MENNEKES.F,,,41.399536,2.185355,B:SM 29 - Plaça de les Arts - TNC,Carrer de Padilla, 159,Barcelona,0193,Barcelona,08,6,cotxe,,93.245.10.93,97296093446,BSM032
08-0193-48-5,B:SM Serveis Municipals,APARCAMENT PUBLIC ,NORMAL,Schuko,NORMAL,MENNEKES.F,,,41.399536,2.185355,B:SM 29 - Plaça de les Arts - TNC,Carrer de Padilla, 159,Barcelona,0193,Barcelona,08,6,moto,,93.245.10.93,97296093446,BSM032
08-0193-48-6,B:SM Serveis Municipals,APARCAMENT PUBLIC ,NORMAL,Schuko,NORMAL,MENNEKES.F,,,41.399536,2.185355,B:SM 29 - Plaça de les Arts - TNC,Carrer de Padilla, 159,Barcelona,0193,Barcelona,08,6,moto,,93.245.10.93,97296093446,BSM032
08-0193-49-1,B:SM Serveis Municipals,APARCAMENT PUBLIC ,NORMAL,Schuko,NORMAL,MENNEKES.F,,,41.3744,2.1597,B:SM 33 - Plaça Navas,Carrer de  Jaume Fabra, 12,Barcelona,0193,Barcelona,08,5,cotxe,,93.329.94.74,99400199744,BSM033
08-0193-49-2,B:SM Serveis Municipals,APARCAMENT PUBLIC ,NORMAL,Schuko,NORMAL,MENNEKES.F,,,41.3744,2.1597,B:SM 33 - Plaça Navas,Carrer de  Jaume Fabra, 12,Barcelona,0193,Barcelona,08,5,cotxe,,93.329.94.74,99400199744,BSM033
08-0193-49-3,B:SM Serveis Municipals,APARCAMENT PUBLIC ,NORMAL,Schuko,NORMAL,MENNEKES.F,,,41.3744,2.1597,B:SM 33 - Plaça Navas,Carrer de  Jaume Fabra, 12,Barcelona,0193,Barcelona,08,5,cotxe,,93.329.94.74,99400199744,BSM033
08-0193-49-4,B:SM Serveis Municipals,APARCAMENT PUBLIC ,NORMAL,Schuko,NORMAL,MENNEKES.F,,,41.3744,2.1597,B:SM 33 - Plaça Navas,Carrer de  Jaume Fabra, 12,Barcelona,0193,Barcelona,08,5,moto,,93.329.94.74,99400199744,BSM033
08-0193-49-5,B:SM Serveis Municipals,APARCAMENT PUBLIC ,NORMAL,Schuko,NORMAL,MENNEKES.F,,,41.3744,2.1597,B:SM 33 - Plaça Navas,Carrer de  Jaume Fabra, 12,Barcelona,0193,Barcelona,08,5,moto,,93.329.94.74,99400199744,BSM033
08-0193-50-1,B:SM Serveis Municipals,APARCAMENT PUBLIC ,NORMAL,Schuko,NORMAL,MENNEKES.F,,,41.449138,2.190748,B:SM 41 - Galicia,Carrer de Galicia, 16,Barcelona,0193,Barcelona,08,2.cotxe,,,99400263916,BSM034
08-0193-50-2,B:SM Serveis Municipals,APARCAMENT PUBLIC ,NORMAL,Schuko,NORMAL,MENNEKES.F,,,41.449138,2.190748,B:SM 41 - Galicia,Carrer de Galicia, 16,Barcelona,0193,Barcelona,08,2.cotxe,,,99400263916,BSM034
08-0193-51-1,B:SM Serveis Municipals,APARCAMENT PUBLIC ,NORMAL,Schuko,NORMAL,MENNEKES.F,,,41.459612,2.175628,B:SM 42 - Ciutat Meridiana,Carrer dels Rasos de Peguera, 51 S,Barcelona,0193,Barcelona,08,3,cotxe,moto,,99400378084,BSM035
08-0193-51-2,B:SM Serveis Municipals,APARCAMENT PUBLIC ,NORMAL,Schuko,NORMAL,MENNEKES.F,,,41.459612,2.175628,B:SM 42 - Ciutat Meridiana,Carrer dels Rasos de Peguera, 51 S,Barcelona,0193,Barcelona,08,3,cotxe,moto,,99400378084,BSM035
08-0193-51-3,B:SM Serveis Municipals,APARCAMENT PUBLIC ,NORMAL,Schuko,NORMAL,MENNEKES.F,,,41.459612,2.175628,B:SM 42 - Ciutat Meridiana,Carrer dels Rasos de Peguera, 51 S,Barcelona,0193,Barcelona,08,3,cotxe,moto,,99400378084,BSM035
08-0193-52-1,B:SM Serveis Municipals,APARCAMENT PUBLIC ,NORMAL,Schuko,NORMAL,MENNEKES.F,,,41.4033,2.152327,B:SM 14 - Gràcia motos,Carrer Gran de Gràcia, 190,Barcelona,0193,Barcelona,08,2.moto,,93.415.57.53,99400197898,BSM036
08-0193-52-2,B:SM Serveis Municipals,APARCAMENT PUBLIC ,NORMAL,Schuko,NORMAL,MENNEKES.F,,,41.4033,2.152327,B:SM 14 - Gràcia motos,Carrer Gran de Gràcia, 190,Barcelona,0193,Barcelona,08,2.moto,,93.415.57.53,99400197898,BSM036
08-0193-53-1,B:SM Serveis Municipals,APARCAMENT PUBLIC ,NORMAL,Schuko,,,,,41.4047,2.1896,B:SM 24 - Ona Glòries,Carrer de la Ciutat de Granada, 173-175,Barcelona,0193,Barcelona,08,4,cotxe,,93.309.23.45,99400191730,BSM037
08-0193-53-2,B:SM Serveis Municipals,APARCAMENT PUBLIC ,NORMAL,Schuko,,,,,41.4047,2.1896,B:SM 24 - Ona Glòries,Carrer de la Ciutat de Granada, 173-175,Barcelona,0193,Barcelona,08,4,cotxe,,93.309.23.45,99400191730,BSM037
08-0193-53-3,B:SM Serveis Municipals,APARCAMENT PUBLIC ,NORMAL,Schuko,,,,,41.4047,2.1896,B:SM 24 - Ona Glòries,Carrer de la Ciutat de Granada, 173-175,Barcelona,0193,Barcelona,08,4,cotxe,,93.309.23.45,99400191730,BSM037
08-0193-53-4,B:SM Serveis Municipals,APARCAMENT PUBLIC ,NORMAL,Schuko,,,,,41.4047,2.1896,B:SM 24 - Ona Glòries,Carrer de la Ciutat de Granada, 173-175,Barcelona,0193,Barcelona,08,4,cotxe,,93.309.23.45,99400191730,BSM037
08-0193-54-1,B:SM Serveis Municipals,APARCAMENT PUBLIC ,NORMAL,Schuko,,,,,41.4044,2.1972,B:SM 34 - Rambla Poblenou,Rambla del Poblenou, 130,Barcelona,0193,Barcelona,08,3,cotxe,,93.309.42.79,99400310380,BSM038
08-0193-54-2,B:SM Serveis Municipals,APARCAMENT PUBLIC ,NORMAL,Schuko,,,,,41.4044,2.1972,B:SM 34 - Rambla Poblenou,Rambla del Poblenou, 130,Barcelona,0193,Barcelona,08,3,cotxe,,93.309.42.79,99400310380,BSM038
08-0193-54-3,B:SM Serveis Municipals,APARCAMENT PUBLIC ,NORMAL,Schuko,,,,,41.4044,2.1972,B:SM 34 - Rambla Poblenou,Rambla del Poblenou, 130,Barcelona,0193,Barcelona,08,3,cotxe,,93.309.42.79,99400310380,BSM038
08-0193-16-1,B:SM Serveis Municipals,APARCAMENT PUBLIC ,NORMAL,Schuko,,,,,41.388797,2.192651,B:SM 40 - Wellington - Zoo,Carrer de Ramon Trias Fargas, 19,Barcelona,0193,Barcelona,08,1,cotxe,,93.225.96.89,89130447,BSM039
08-0193-55-1,B:SM Serveis Municipals,APARCAMENT PUBLIC ,NORMAL,Schuko,,,,,41.42077,2.151564,B:SM 43 - Salvador Allende,Plaça de Salvador Allende,Barcelona,0193,Barcelona,08,4,cotxe,,,99400378069,BSM040
08-0193-55-2,B:SM Serveis Municipals,APARCAMENT PUBLIC ,NORMAL,Schuko,,,,,41.42077,2.151564,B:SM 43 - Salvador Allende,Plaça de Salvador Allende,Barcelona,0193,Barcelona,08,4,cotxe,,,99400378069,BSM040
08-0193-55-3,B:SM Serveis Municipals,APARCAMENT PUBLIC ,NORMAL,Schuko,,,,,41.42077,2.151564,B:SM 43 - Salvador Allende,Plaça de Salvador Allende,Barcelona,0193,Barcelona,08,4,cotxe,,,99400378069,BSM040
08-0193-55-4,B:SM Serveis Municipals,APARCAMENT PUBLIC ,NORMAL,Schuko,,,,,41.42077,2.151564,B:SM 43 - Salvador Allende,Plaça de Salvador Allende,Barcelona,0193,Barcelona,08,4,cotxe,,,99400378069,BSM040
08-0193-56-1,B:SM Serveis Municipals,APARCAMENT PUBLIC ,NORMAL,Schuko,,,,,41.426239,2.143323,B:SM 37 - Sant Genís Vall d'Hebrón,Passeig de la Vall d'Hebrón, 138-176,Barcelona,0193,Barcelona,08,1,cotxe,,93.428.44.03,92351095954,BSM041
08-0193-57-1,B:SM Serveis Municipals,APARCAMENT PUBLIC ,NORMAL,Schuko,,,,,41.4049,2.17729,B:SM 21 - Mercat Sagrada Família,Carrer de Mallorca, 425-433,Barcelona,0193,Barcelona,08,1,cotxe,,93.436.51.55,95075101607,BSM042
08-0193-58-1,B:SM Serveis Municipals,APARCAMENT PUBLIC ,NORMAL,Schuko,,,,,41.403202,2.19615,B:SM 1 - Almogàvers-Llacuna,Carrer de la Llacuna, 101, Carrer de Sancho d'Àvila, 72,Barcelona,0193,Barcelona,08,1,cotxe,,93.309.38.76,99329113709,BSM043
08-0193-59-1,GAICU,VIA PUBLICA ,RAPID,CCS Combo2,RAPID,ChadeMO,RAPID,MENNEKES.M,41.393464,2.204479,PdRR-Vil·la Olimpica-ES Repsol-McDonald's (DC50kW AC43kW),Avinguda litoral,49,  Sortida 23- Carrer de Badajoz,Barcelona,0193,Barcelona,08,1,cotxe,,93.291.41.50,,FC001
08-0193-115-1,GAICU,VIA PUBLICA ,RAPID,CCS Combo2,RAPID,ChadeMO,RAPID,MENNEKES.M,41.401313,2.122488,PdRR-Via Augusta-Bonanova  (DC50kW AC43kW),Via Augusta, 352,Barcelona,0193,Barcelona,08,1,cotxe,,93.291.41.50,,FC002
08-0193-60-1,GAICU,VIA PUBLICA ,RAPID,CCS Combo2,RAPID,ChadeMO,RAPID,MENNEKES.M,41.380018,2.139299,PdRR-Estació Sants. Ap. Zona Autobusos (DC50kW AC43kW),Carrer Viriat, 5-23,Barcelona,0193,Barcelona,08,1,cotxe,,93.291.41.50,,FC003
08-0193-61-1,GAICU,VIA PUBLICA ,RAPID,CCS Combo2,RAPID,ChadeMO,RAPID,MENNEKES.M,41.415125,2.136311,PdRR-Alfons Comín-Vallcarca  (DC50kW AC43kW),Plaça Alfons Comín, 12- Isaac Newton,Barcelona,0193,Barcelona,08,1,cotxe,,93.291.41.50,,FC004
08-0193-62-1,GAICU,VIA PUBLICA ,RAPID,CCS Combo2,RAPID,ChadeMO,RAPID,MENNEKES.M,41.406767,2.151964,PdRR-Torrent de l'Olla  (DC50kW AC43kW),Carrer Torrent de l'Olla, 203,Barcelona,0193,Barcelona,08,1,cotxe,,93.291.41.50,,FC005
08-0193-63-1,GAICU,VIA PUBLICA ,RAPID,CCS Combo2,RAPID,ChadeMO,RAPID,MENNEKES.M,41.441162,2.164753,PdRR-Mercat Canyelles-Rda Dalt  (DC50kW AC43kW),Via Favència, 21,Barcelona,0193,Barcelona,08,1,cotxe,,93.291.41.50,,FC006
08-0193-64-1,GAICU,VIA PUBLICA ,RAPID,CCS Combo2,RAPID,ChadeMO,RAPID,MENNEKES.M,41.41362,2.171387,PdRR-Mas Casanova - H Sant Pau  (DC50kW AC43kW),Carrer de Mas Casanova, 69,Barcelona,0193,Barcelona,08,1,cotxe,,93.291.41.50,,FC007
08-0193-65-1,GAICU,VIA PUBLICA ,RAPID,CCS Combo2,RAPID,ChadeMO,RAPID,MENNEKES.M,41.431152,2.183394,PdRR-Meridiana-Estació BUS  (DC50kW AC43kW),Avinguda Meridiana, 400E,Barcelona,0193,Barcelona,08,1,cotxe,,93.291.41.50,,FC008
08-0193-66-1,GAICU,VIA PUBLICA ,RAPID,CCS Combo2,RAPID,ChadeMO,RAPID,MENNEKES.M,41.40477,2.174794,PdRR-Sagrada Família-Provença -KFC  (DC50kW AC43kW),Carrer Provença, 447,Barcelona,0193,Barcelona,08,1,cotxe,,93.291.41.50,,FC009
08-0193-67-1,BIMSA,VIA PUBLICA,RAPID,CCS Combo2,RAPID,ChadeMO,RAPID,MENNEKES.M,41.388226,2.169769,PdRR-Passeig de Gràcia-Casp  (DC50kW AC43kW),Passeig de Gràcia, 3,Barcelona,0193,Barcelona,08,1,cotxe,,93.291.41.50,,FC010
08-0193-118-1,BIMSA,VIA PUBLICA,RAPID,CCS Combo2,RAPID,ChadeMO,RAPID,MENNEKES.M,41.374897,2.171151,PdRR-Paral·lel (DC50kW AC43kW),Avinguda Paral·lel, 55,Barcelona,0193,Barcelona,08,1,cotxe,,93.291.41.50,,FC011
08-0193-119-1,BIMSA,VIA PUBLICA,RAPID,CCS Combo2,RAPID,ChadeMO,RAPID,MENNEKES.M,41.393732,2.149179,PdRR-Diagonal (DC50kW AC43kW),Avinguda Diagonal, 447,Barcelona,0193,Barcelona,08,1,cotxe,,93.291.41.50,,FC012
08-0193-68-1,Endesa,VIA PUBLICA,NORMAL,Schuko,,,,,41.38142071,2.181969658,19 AjBCN-Endesa-Correus-Via Laietana,Plaça Antoni Lòpez,  s/n,Barcelona,0193,Barcelona,08,2.moto,,93.291.41.50,,LC001
08-0193-68-2,Endesa,VIA PUBLICA,NORMAL,Schuko,,,,,41.38142071,2.181969658,19 AjBCN-Endesa-Correus-Via Laietana,Plaça Antoni Lòpez,  s/n,Barcelona,0193,Barcelona,08,2.moto,,93.291.41.50,,LC001
08-0193-69-1,AEB,VIA PUBLICA -VORERA,NORMAL,Schuko,,,,,41.38206874,2.191672549,87 AjBCN-ETRA COBRA (Vorera Associació SEBA),Passeig de Salvat Papasseit, 15 - Carrer Ginebra,Barcelona,0193,Barcelona,08,2.moto,,93.291.41.50,,LC002
08-0193-69-2,AEB,VIA PUBLICA -VORERA,NORMAL,Schuko,,,,,41.38206874,2.191672549,87 AjBCN-ETRA COBRA (Vorera Associació SEBA),Passeig de Salvat Papasseit, 15 - Carrer Ginebra,Barcelona,0193,Barcelona,08,2.moto,,93.291.41.50,,LC002
08-0193-70-1,Endesa,VIA PUBLICA,NORMAL,Schuko,,,,,41.39402,2.155938,22 AjBCN-Endesa,Carrer de Còrsega, 254,Barcelona,0193,Barcelona,08,2.moto,,93.291.41.50,,LC003
08-0193-70-2,Endesa,VIA PUBLICA,NORMAL,Schuko,,,,,41.39402,2.155938,22 AjBCN-Endesa,Carrer de Còrsega, 254,Barcelona,0193,Barcelona,08,2.moto,,93.291.41.50,,LC003
08-0193-71-1,Endesa,VIA PUBLICA,NORMAL,Schuko,,,,,41.4029995,2.16566585,12 AjBCN-Endesa,Carrer Indústria, 19 - Passeig de Sant Joan,Barcelona,0193,Barcelona,08,2.moto,,93.291.41.50,,LC004
08-0193-71-2,Endesa,VIA PUBLICA,NORMAL,Schuko,,,,,41.4029995,2.16566585,12 AjBCN-Endesa,Carrer Indústria, 19 - Passeig de Sant Joan,Barcelona,0193,Barcelona,08,2.moto,,93.291.41.50,,LC004
08-0193-72-1,AEB,VIA PUBLICA,NORMAL,Schuko,,,,,41.396236,2.18219,91 AjBCN-ETRA COBRA,Carrer d'Ausiàs March, 118,Barcelona,0193,Barcelona,08,2.cotxe,,93.291.41.50,,LC005
08-0193-72-2,AEB,VIA PUBLICA,NORMAL,Schuko,,,,,41.396236,2.18219,91 AjBCN-ETRA COBRA,Carrer d'Ausiàs March, 118,Barcelona,0193,Barcelona,08,2.moto,,93.291.41.50,,LC005
08-0193-73-1,Endesa,VIA PUBLICA,NORMAL,Schuko,,,,,41.387074,2.17142,23 AjBCN-Endesa Fontanella-Pl.Catalunya,Carrer de Fontanella, 1,Barcelona,0193,Barcelona,08,2.moto,,93.291.41.50,,LC006
08-0193-73-2,Endesa,VIA PUBLICA,NORMAL,Schuko,,,,,41.387074,2.17142,23 AjBCN-Endesa Fontanella-Pl.Catalunya,Carrer de Fontanella, 1,Barcelona,0193,Barcelona,08,2.moto,,93.291.41.50,,LC006
08-0193-74-1,AEB,VIA PUBLICA,NORMAL,Schuko,,,,,41.394226,2.169715,88 AjBCN-ETRA COBRA Bruc-Consell de Cent,Carrer del Bruc, 84,Barcelona,0193,Barcelona,08,2.cotxe,,93.291.41.50,,LC007
08-0193-74-2,AEB,VIA PUBLICA,NORMAL,Schuko,,,,,41.394226,2.169715,88 AjBCN-ETRA COBRA Bruc-Consell de Cent,Carrer del Bruc, 84,Barcelona,0193,Barcelona,08,2.moto,,93.291.41.50,,LC007
08-0193-75-1,Endesa,VIA PUBLICA,NORMAL,Schuko,,,,,41.38925538,2.161321007,28 AjBCN-Endesa-Aragó-Pl.Letamendi,Pl, del Dr, Letamendi, 30-33,Barcelona,0193,Barcelona,08,2.moto,,93.291.41.50,,LC008
08-0193-75-2,Endesa,VIA PUBLICA,NORMAL,Schuko,,,,,41.38925538,2.161321007,28 AjBCN-Endesa-Aragó-Pl.Letamendi,Pl, del Dr, Letamendi, 30-33,Barcelona,0193,Barcelona,08,2.moto,,93.291.41.50,,LC008
08-0193-76-1,AEB,VIA PUBLICA,NORMAL,Schuko,,,,,41.359982,2.133193,89 AjBCN-ETRA-COBRA,Carretera del Prat, 42,Barcelona,0193,Barcelona,08,2.cotxe,,93.291.41.50,,LC009
08-0193-76-2,AEB,VIA PUBLICA,NORMAL,Schuko,,,,,41.359982,2.133193,89 AjBCN-ETRA-COBRA,Carretera del Prat, 42,Barcelona,0193,Barcelona,08,2.moto,,93.291.41.50,,LC009
08-0193-77-1,Endesa,VIA PUBLICA,NORMAL,Schuko,,,,,41.380928,2.142103,25 AjBCN-Endesa-Sants,Avinguda  de Josep Tarradellas, 1,Barcelona,0193,Barcelona,08,2.moto,,93.291.41.50,,LC010
08-0193-77-2,Endesa,VIA PUBLICA,NORMAL,Schuko,,,,,41.380928,2.142103,25 AjBCN-Endesa-Sants,Avinguda  de Josep Tarradellas, 1,Barcelona,0193,Barcelona,08,2.moto,,93.291.41.50,,LC010
08-0193-78-1,AEB,VIA PUBLICA,NORMAL,Schuko,,,,,41.381355,2.129424,90 AjBCN-ETRA-COBRA Figols. Jardins Drs.Dolsa,Carrer de Fígols, 6,Barcelona,0193,Barcelona,08,2.cotxe,,93.291.41.50,,LC011
08-0193-78-2,AEB,VIA PUBLICA,NORMAL,Schuko,,,,,41.381355,2.129424,90 AjBCN-ETRA-COBRA Figols. Jardins Drs.Dolsa,Carrer de Fígols, 6,Barcelona,0193,Barcelona,08,2.moto,,93.291.41.50,,LC011
08-0193-79-1,Endesa,VIA PUBLICA,NORMAL,Schuko,,,,,41.407269,2.138413,16 AjBCN-Endesa,Carrer de Balmes,422 - Carrer de Castanyer,Barcelona,0193,Barcelona,08,2.moto,,93.291.41.50,,LC012
08-0193-79-2,Endesa,VIA PUBLICA,NORMAL,Schuko,,,,,41.407269,2.138413,16 AjBCN-Endesa,Carrer de Balmes,422 - Carrer de Castanyer,Barcelona,0193,Barcelona,08,2.moto,,93.291.41.50,,LC012
08-0193-80-1,Endesa,VIA PUBLICA,NORMAL,Schuko,,,,,41.392296,2.132156,15 AjBCN-Endesa Sarrià-Ricard Villa,Avinguda  de Sarrià, 130,Barcelona,0193,Barcelona,08,2.moto,,93.291.41.50,,LC013
08-0193-80-2,Endesa,VIA PUBLICA,NORMAL,Schuko,,,,,41.392296,2.132156,15 AjBCN-Endesa Sarrià-Ricard Villa,Avinguda  de Sarrià, 130,Barcelona,0193,Barcelona,08,2.moto,,93.291.41.50,,LC013
08-0193-81-1,AEB,VIA PUBLICA,NORMAL,Schuko,,,,,41.394203,2.123794,93 AjBCN-ETRA-COBRA,Carrer d'Osi, 4,Barcelona,0193,Barcelona,08,2.cotxe,,93.291.41.50,,LC014
08-0193-81-2,AEB,VIA PUBLICA,NORMAL,Schuko,,,,,41.394203,2.123794,93 AjBCN-ETRA-COBRA,Carrer d'Osi, 4,Barcelona,0193,Barcelona,08,2.moto,,93.291.41.50,,LC014
08-0193-82-1,Endesa,VIA PUBLICA,NORMAL,Schuko,,,,,41.41396,2.142913,01 AjBCN-Endesa-Clinica Delfos,Carrer Vallcarca, 154,Barcelona,0193,Barcelona,08,1,moto,,93.291.41.50,,LC015
08-0193-83-1,AEB,VIA PUBLICA,NORMAL,Schuko,,,,,41.406525,2.152333,92 AjBCN-ETRA COBRA  Torrent de l'Olla,Carrer del Torrent de l'Olla, 222,Barcelona,0193,Barcelona,08,2.moto,,93.291.41.50,,LC016
08-0193-83-2,AEB,VIA PUBLICA,NORMAL,Schuko,,,,,41.406525,2.152333,92 AjBCN-ETRA COBRA  Torrent de l'Olla,Carrer del Torrent de l'Olla, 222,Barcelona,0193,Barcelona,08,2.moto,,93.291.41.50,,LC016
08-0193-84-1,Endesa,VIA PUBLICA,NORMAL,Schuko,,,,,41.444744,2.174166,04 AjBCN-Endesa,Via Favència, 169 - Almansa,Barcelona,0193,Barcelona,08,2.moto,,93.291.41.50,,LC017
08-0193-84-2,Endesa,VIA PUBLICA,NORMAL,Schuko,,,,,41.444744,2.174166,04 AjBCN-Endesa,Via Favència, 169 - Almansa,Barcelona,0193,Barcelona,08,2.moto,,93.291.41.50,,LC017
08-0193-85-1,Endesa,VIA PUBLICA,NORMAL,Schuko,,,,,41.4388822,2.181366161,09 AjBCN-Endesa,Carrer Rio de Janeiro, 70 - Passeig Valldaura,Barcelona,0193,Barcelona,08,2.moto,,93.291.41.50,,LC018
08-0193-85-2,Endesa,VIA PUBLICA,NORMAL,Schuko,,,,,41.4388822,2.181366161,09 AjBCN-Endesa,Carrer Rio de Janeiro, 70 - Passeig Valldaura,Barcelona,0193,Barcelona,08,2.moto,,93.291.41.50,,LC018
08-0193-86-1,Endesa,VIA PUBLICA,NORMAL,Schuko,,,,,41.423615,2.179456,11 AjBCN-Endesa Garcilaso,Carrer de Garcilaso, 204,Barcelona,0193,Barcelona,08,2.moto,,93.291.41.50,,LC019
08-0193-86-2,Endesa,VIA PUBLICA,NORMAL,Schuko,,,,,41.423615,2.179456,11 AjBCN-Endesa Garcilaso,Carrer de Garcilaso, 204,Barcelona,0193,Barcelona,08,2.moto,,93.291.41.50,,LC019
08-0193-87-1,AEB,VIA PUBLICA,NORMAL,Schuko,,,,,41.420052,2.181559,95 AjBCN-ETRA-COBRA Maragall-Olesa,Plaça de Maragall, 21,Barcelona,0193,Barcelona,08,2.cotxe,,93.291.41.50,,LC020
08-0193-87-2,AEB,VIA PUBLICA,NORMAL,Schuko,,,,,41.420052,2.181559,95 AjBCN-ETRA-COBRA Maragall-Olesa,Plaça de Maragall, 21,Barcelona,0193,Barcelona,08,2.moto,,93.291.41.50,,LC020
08-0193-88-1,Endesa,VIA PUBLICA,NORMAL,Schuko,,,,,41.408447,2.202893,08 AjBCN-Endesa,Cristóbal de Moura,24 - Carrer de Bac de Roda,Barcelona,0193,Barcelona,08,2.moto,,93.291.41.50,,LC021
08-0193-88-2,Endesa,VIA PUBLICA,NORMAL,Schuko,,,,,41.408447,2.202893,08 AjBCN-Endesa,Cristóbal de Moura,24 - Carrer de Bac de Roda,Barcelona,0193,Barcelona,08,2.moto,,93.291.41.50,,LC021
08-0193-89-1,Endesa,VIA PUBLICA,NORMAL,Schuko,,,,,41.41161975,2.21850805,06 AjBCN-Endesa-Forum-RamblaPrim,Rambla de Prim, 19,Barcelona,0193,Barcelona,08,2.moto,,93.291.41.50,,LC022
08-0193-89-2,Endesa,VIA PUBLICA,NORMAL,Schuko,,,,,41.41161975,2.21850805,06 AjBCN-Endesa-Forum-RamblaPrim,Rambla de Prim, 19,Barcelona,0193,Barcelona,08,2.moto,,93.291.41.50,,LC022
08-0193-90-1,Endesa,VIA PUBLICA,NORMAL,Schuko,,,,,41.4200135,2.2016699,10 AjBCN-Endesa Guipúscoa,Rambla de Guipúscoa, 103-105,Barcelona,0193,Barcelona,08,2.moto,,93.291.41.50,,LC023
08-0193-90-2,Endesa,VIA PUBLICA,NORMAL,Schuko,,,,,41.4200135,2.2016699,10 AjBCN-Endesa Guipúscoa,Rambla de Guipúscoa, 103-105,Barcelona,0193,Barcelona,08,2.moto,,93.291.41.50,,LC023
08-0193-91-1,22@,VIA PUBLICA,NORMAL,Schuko,,,,,41.396897,2.200017,29 AjBCN-22@ Ciutat de Granada,Carrer de la Ciutat de Granada, 17,Barcelona,0193,Barcelona,08,1,cotxe,,93.291.41.50,,LC024
09-0193-92-1,22@,VIA PUBLICA,NORMAL,Schuko,,,,,41.396934,2.199915,30 AjBCN-22@ Ciutat de Granada,Carrer de la Ciutat de Granada, 19,Barcelona,0193,Barcelona,08,1,moto,,93.291.41.50,,LC025
08-0193-93-1,Endesa,VIA PUBLICA,NORMAL,Schuko,,,,,41.37533581,2.130439728,18 AjBCN-Endesa,Rambla Badal, 165 - Carrer de Sants,Barcelona,0193,Barcelona,08,2.moto,,93.291.41.50,,LC026
08-0193-93-2,Endesa,VIA PUBLICA,NORMAL,Schuko,,,,,41.37533581,2.130439728,18 AjBCN-Endesa,Rambla Badal, 165 - Carrer de Sants,Barcelona,0193,Barcelona,08,2.moto,,93.291.41.50,,LC026
08-0193-94-1,Endesa,VIA PUBLICA,NORMAL,Schuko,,,,,41.374847,2.171055,27 AjBCN-Endesa REE-TRYP APOLO,Avinguda  Paral·lel, 55,Barcelona,0193,Barcelona,08,2.cotxe,,93.291.41.50,,LC027
08-0193-94-2,Endesa,VIA PUBLICA,NORMAL,Schuko,,,,,41.374847,2.171055,27 AjBCN-Endesa REE-TRYP APOLO,Avinguda  Paral·lel, 55,Barcelona,0193,Barcelona,08,2.moto,,93.291.41.50,,LC027
08-0193-95-1,Endesa,VIA PUBLICA,NORMAL,Schuko,,,,,41.37793881,2.121154256,17 AjBCN-Endesa,Aristides Maillol,1 - Travessera de les Corts,Barcelona,0193,Barcelona,08,2.moto,,93.291.41.50,,LC028
08-0193-95-2,Endesa,VIA PUBLICA,NORMAL,Schuko,,,,,41.37793881,2.121154256,17 AjBCN-Endesa,Aristides Maillol,1 - Travessera de les Corts,Barcelona,0193,Barcelona,08,2.moto,,93.291.41.50,,LC028
08-0193-96-1,Endesa,VIA PUBLICA,NORMAL,Schuko,,,,,41.388088,2.107004,21 AjBCN-Endesa,Ctra, Esplugues, 52 - Carrer Eduard Toldra,Barcelona,0193,Barcelona,08,2.moto,,93.291.41.50,,LC029
08-0193-96-2,Endesa,VIA PUBLICA,NORMAL,Schuko,,,,,41.388088,2.107004,21 AjBCN-Endesa,Ctra, Esplugues, 52 - Carrer Eduard Toldra,Barcelona,0193,Barcelona,08,2.moto,,93.291.41.50,,LC029
08-0193-97-1,Endesa,VIA PUBLICA,NORMAL,Schuko,,,,,41.397507,2.119605,05 AjBCN-Endesa Domínguez Miralles- J.V.Foix,Avinguda Josep Vicenç Foix, 86,Barcelona,0193,Barcelona,08,2.moto,,93.291.41.50,,LC030
08-0193-97-2,Endesa,VIA PUBLICA,NORMAL,Schuko,,,,,41.397507,2.119605,05 AjBCN-Endesa Domínguez Miralles- J.V.Foix,Avinguda Josep Vicenç Foix, 86,Barcelona,0193,Barcelona,08,2.moto,,93.291.41.50,,LC030
08-0193-98-1,Endesa,VIA PUBLICA,NORMAL,Schuko,,,,,41.429535,2.158481,02 AjBCN-Endesa,Carrer de Lisboa, 7-11,Barcelona,0193,Barcelona,08,2.moto,,93.291.41.50,,LC031
08-0193-98-2,Endesa,VIA PUBLICA,NORMAL,Schuko,,,,,41.429535,2.158481,02 AjBCN-Endesa,Carrer de Lisboa, 7-11,Barcelona,0193,Barcelona,08,2.moto,,93.291.41.50,,LC031
08-0193-99-1,Endesa,VIA PUBLICA,NORMAL,Schuko,,,,,41.43491,2.148409,03 AjBCN-Endesa Vall d'Hebron,Arquitecte Moragas,31 - Avinguda  Can Marcet,36,Barcelona,0193,Barcelona,08,2.moto,,93.291.41.50,,LC032
08-0193-99-2,Endesa,VIA PUBLICA,NORMAL,Schuko,,,,,41.43491,2.148409,03 AjBCN-Endesa Vall d'Hebron,Arquitecte Moragas,31 - Avinguda  Can Marcet,36,Barcelona,0193,Barcelona,08,2.moto,,93.291.41.50,,LC032
08-0193-100-1,Endesa,VIA PUBLICA,NORMAL,Schuko,,,,,41.442436,2.197319,07 AjBCN-Endesa La Maquinista,Carrer República Dominicana - Carrer de Potosí,Barcelona,0193,Barcelona,08,2.moto,,93.291.41.50,,LC033
08-0193-100-2,Endesa,VIA PUBLICA,NORMAL,Schuko,,,,,41.442436,2.197319,07 AjBCN-Endesa La Maquinista,Carrer República Dominicana - Carrer de Potosí,Barcelona,0193,Barcelona,08,2.moto,,93.291.41.50,,LC033
08-0193-101-1,Endesa,VIA PUBLICA,NORMAL,Schuko,,,,,41.390945,2.196515,13 AjBCN-Endesa,Avinguda  d'Icària, 145 - Carrer de Rosa Censat, 14,Barcelona,0193,Barcelona,08,2.moto,,93.291.41.50,,LC034
08-0193-101-2,Endesa,VIA PUBLICA,NORMAL,Schuko,,,,,41.390945,2.196515,13 AjBCN-Endesa,Avinguda  d'Icària, 145 - Carrer de Rosa Censat, 14,Barcelona,0193,Barcelona,08,2.moto,,93.291.41.50,,LC034
08-0193-102-1,IBERDROLA SERVICIOS ENERGETICOS, SAU,VIA PUBLICA,NORMAL,Schuko,,,,,41.379547,2.187588,086 MOBECPOINT- PORT VELL,Passeig de Joan de Borbó, 22 - Carrer de la Maquinista,Barcelona,0193,Barcelona,08,6,moto,,93.291.41.50,,LC035
08-0193-102-2,IBERDROLA SERVICIOS ENERGETICOS, SAU,VIA PUBLICA,NORMAL,Schuko,,,,,41.379547,2.187588,086 MOBECPOINT- PORT VELL,Passeig de Joan de Borbó, 22 - Carrer de la Maquinista,Barcelona,0193,Barcelona,08,6,moto,,93.291.41.50,,LC035
08-0193-102-3,IBERDROLA SERVICIOS ENERGETICOS, SAU,VIA PUBLICA,NORMAL,Schuko,,,,,41.379547,2.187588,086 MOBECPOINT- PORT VELL,Passeig de Joan de Borbó, 22 - Carrer de la Maquinista,Barcelona,0193,Barcelona,08,6,moto,,93.291.41.50,,LC035
08-0193-102-4,IBERDROLA SERVICIOS ENERGETICOS, SAU,VIA PUBLICA,NORMAL,Schuko,,,,,41.379547,2.187588,086 MOBECPOINT- PORT VELL,Passeig de Joan de Borbó, 22 - Carrer de la Maquinista,Barcelona,0193,Barcelona,08,6,moto,,93.291.41.50,,LC035
08-0193-102-5,IBERDROLA SERVICIOS ENERGETICOS, SAU,VIA PUBLICA,NORMAL,Schuko,,,,,41.379547,2.187588,086 MOBECPOINT- PORT VELL,Passeig de Joan de Borbó, 22 - Carrer de la Maquinista,Barcelona,0193,Barcelona,08,6,moto,,93.291.41.50,,LC035
08-0193-102-6,IBERDROLA SERVICIOS ENERGETICOS, SAU,VIA PUBLICA,NORMAL,Schuko,,,,,41.379547,2.187588,086 MOBECPOINT- PORT VELL,Passeig de Joan de Borbó, 22 - Carrer de la Maquinista,Barcelona,0193,Barcelona,08,6,moto,,93.291.41.50,,LC035
08-0193-103-1,IBERDROLA SERVICIOS ENERGETICOS, SAU,VIA PUBLICA,NORMAL,Schuko,,,,,41.385643,2.174869,XXX MOBECPOINT- PLAÇA DELS PEIXOS,Carrer Duran i Bas, 9 - Plaça del Peixos,1,Barcelona,0193,Barcelona,08,6,moto,,93.291.41.50,,LC036
08-0193-103-2,IBERDROLA SERVICIOS ENERGETICOS, SAU,VIA PUBLICA,NORMAL,Schuko,,,,,41.385643,2.174869,XXX MOBECPOINT- PLAÇA DELS PEIXOS,Carrer Duran i Bas, 9 - Plaça del Peixos,1,Barcelona,0193,Barcelona,08,6,moto,,93.291.41.50,,LC036
08-0193-103-3,IBERDROLA SERVICIOS ENERGETICOS, SAU,VIA PUBLICA,NORMAL,Schuko,,,,,41.385643,2.174869,XXX MOBECPOINT- PLAÇA DELS PEIXOS,Carrer Duran i Bas, 9 - Plaça del Peixos,1,Barcelona,0193,Barcelona,08,6,moto,,93.291.41.50,,LC036
08-0193-103-4,IBERDROLA SERVICIOS ENERGETICOS, SAU,VIA PUBLICA,NORMAL,Schuko,,,,,41.385643,2.174869,XXX MOBECPOINT- PLAÇA DELS PEIXOS,Carrer Duran i Bas, 9 - Plaça del Peixos,1,Barcelona,0193,Barcelona,08,6,moto,,93.291.41.50,,LC036
08-0193-103-5,IBERDROLA SERVICIOS ENERGETICOS, SAU,VIA PUBLICA,NORMAL,Schuko,,,,,41.385643,2.174869,XXX MOBECPOINT- PLAÇA DELS PEIXOS,Carrer Duran i Bas, 9 - Plaça del Peixos,1,Barcelona,0193,Barcelona,08,6,moto,,93.291.41.50,,LC036
08-0193-103-6,IBERDROLA SERVICIOS ENERGETICOS, SAU,VIA PUBLICA,NORMAL,Schuko,,,,,41.385643,2.174869,XXX MOBECPOINT- PLAÇA DELS PEIXOS,Carrer Duran i Bas, 9 - Plaça del Peixos,1,Barcelona,0193,Barcelona,08,6,moto,,93.291.41.50,,LC036
08-0193-104-1,IBERDROLA SERVICIOS ENERGETICOS, SAU,VIA PUBLICA,NORMAL,Schuko,,,,,41.385166,2.116051,084 MOBECPOINT-ETSEIB,Carrer de Pasqual i Vila 22 - Avinguda  Diagonal,Barcelona,0193,Barcelona,08,6,moto,,93.291.41.50,,LC037
08-0193-104-2,IBERDROLA SERVICIOS ENERGETICOS, SAU,VIA PUBLICA,NORMAL,Schuko,,,,,41.385166,2.116051,084 MOBECPOINT-ETSEIB,Carrer de Pasqual i Vila 22 - Avinguda  Diagonal,Barcelona,0193,Barcelona,08,6,moto,,93.291.41.50,,LC037
08-0193-104-3,IBERDROLA SERVICIOS ENERGETICOS, SAU,VIA PUBLICA,NORMAL,Schuko,,,,,41.385166,2.116051,084 MOBECPOINT-ETSEIB,Carrer de Pasqual i Vila 22 - Avinguda  Diagonal,Barcelona,0193,Barcelona,08,6,moto,,93.291.41.50,,LC037
08-0193-104-4,IBERDROLA SERVICIOS ENERGETICOS, SAU,VIA PUBLICA,NORMAL,Schuko,,,,,41.385166,2.116051,084 MOBECPOINT-ETSEIB,Carrer de Pasqual i Vila 22 - Avinguda  Diagonal,Barcelona,0193,Barcelona,08,6,moto,,93.291.41.50,,LC037
08-0193-104-5,IBERDROLA SERVICIOS ENERGETICOS, SAU,VIA PUBLICA,NORMAL,Schuko,,,,,41.385166,2.116051,084 MOBECPOINT-ETSEIB,Carrer de Pasqual i Vila 22 - Avinguda  Diagonal,Barcelona,0193,Barcelona,08,6,moto,,93.291.41.50,,LC037
08-0193-104-6,IBERDROLA SERVICIOS ENERGETICOS, SAU,VIA PUBLICA,NORMAL,Schuko,,,,,41.385166,2.116051,084 MOBECPOINT-ETSEIB,Carrer de Pasqual i Vila 22 - Avinguda  Diagonal,Barcelona,0193,Barcelona,08,6,moto,,93.291.41.50,,LC037
08-0193-105-1,IBERDROLA SERVICIOS ENERGETICOS, SAU,VIA PUBLICA,NORMAL,Schuko,,,,,41.3954372,2.1035865,108 MOBECPOINT-IESE Pearson,Avinguda  de Pearson, 19,Barcelona,0193,Barcelona,08,10,moto,,93.291.41.50,,LC038
08-0193-105-2,IBERDROLA SERVICIOS ENERGETICOS, SAU,VIA PUBLICA,NORMAL,Schuko,,,,,41.3954372,2.1035865,108 MOBECPOINT-IESE Pearson,Avinguda  de Pearson, 19,Barcelona,0193,Barcelona,08,10,moto,,93.291.41.50,,LC038
08-0193-105-3,IBERDROLA SERVICIOS ENERGETICOS, SAU,VIA PUBLICA,NORMAL,Schuko,,,,,41.3954372,2.1035865,108 MOBECPOINT-IESE Pearson,Avinguda  de Pearson, 19,Barcelona,0193,Barcelona,08,10,moto,,93.291.41.50,,LC038
08-0193-105-4,IBERDROLA SERVICIOS ENERGETICOS, SAU,VIA PUBLICA,NORMAL,Schuko,,,,,41.3954372,2.1035865,108 MOBECPOINT-IESE Pearson,Avinguda  de Pearson, 19,Barcelona,0193,Barcelona,08,10,moto,,93.291.41.50,,LC038
08-0193-105-5,IBERDROLA SERVICIOS ENERGETICOS, SAU,VIA PUBLICA,NORMAL,Schuko,,,,,41.3954372,2.1035865,108 MOBECPOINT-IESE Pearson,Avinguda  de Pearson, 19,Barcelona,0193,Barcelona,08,10,moto,,93.291.41.50,,LC038
08-0193-105-6,IBERDROLA SERVICIOS ENERGETICOS, SAU,VIA PUBLICA,NORMAL,Schuko,,,,,41.3954372,2.1035865,108 MOBECPOINT-IESE Pearson,Avinguda  de Pearson, 19,Barcelona,0193,Barcelona,08,10,moto,,93.291.41.50,,LC038
08-0193-105-7,IBERDROLA SERVICIOS ENERGETICOS, SAU,VIA PUBLICA,NORMAL,Schuko,,,,,41.3954372,2.1035865,108 MOBECPOINT-IESE Pearson,Avinguda  de Pearson, 19,Barcelona,0193,Barcelona,08,10,moto,,93.291.41.50,,LC038
08-0193-105-8,IBERDROLA SERVICIOS ENERGETICOS, SAU,VIA PUBLICA,NORMAL,Schuko,,,,,41.3954372,2.1035865,108 MOBECPOINT-IESE Pearson,Avinguda  de Pearson, 19,Barcelona,0193,Barcelona,08,10,moto,,93.291.41.50,,LC038
08-0193-105-9,IBERDROLA SERVICIOS ENERGETICOS, SAU,VIA PUBLICA,NORMAL,Schuko,,,,,41.3954372,2.1035865,108 MOBECPOINT-IESE Pearson,Avinguda  de Pearson, 19,Barcelona,0193,Barcelona,08,10,moto,,93.291.41.50,,LC038
08-0193-106-1,IBERDROLA SERVICIOS ENERGETICOS, SAU,VIA PUBLICA,NORMAL,Schuko,,,,,41.405085,2.207517,085 MOBECPOINT- SCHNEIDER ELECTRIC,Carrer de Llull, 285,Barcelona,0193,Barcelona,08,6,moto,,93.291.41.50,,LC039
08-0193-106-2,IBERDROLA SERVICIOS ENERGETICOS, SAU,VIA PUBLICA,NORMAL,Schuko,,,,,41.405085,2.207517,085 MOBECPOINT- SCHNEIDER ELECTRIC,Carrer de Llull, 285,Barcelona,0193,Barcelona,08,6,moto,,93.291.41.50,,LC039
08-0193-106-3,IBERDROLA SERVICIOS ENERGETICOS, SAU,VIA PUBLICA,NORMAL,Schuko,,,,,41.405085,2.207517,085 MOBECPOINT- SCHNEIDER ELECTRIC,Carrer de Llull, 285,Barcelona,0193,Barcelona,08,6,moto,,93.291.41.50,,LC039
08-0193-106-4,IBERDROLA SERVICIOS ENERGETICOS, SAU,VIA PUBLICA,NORMAL,Schuko,,,,,41.405085,2.207517,085 MOBECPOINT- SCHNEIDER ELECTRIC,Carrer de Llull, 285,Barcelona,0193,Barcelona,08,6,moto,,93.291.41.50,,LC039
08-0193-106-5,IBERDROLA SERVICIOS ENERGETICOS, SAU,VIA PUBLICA,NORMAL,Schuko,,,,,41.405085,2.207517,085 MOBECPOINT- SCHNEIDER ELECTRIC,Carrer de Llull, 285,Barcelona,0193,Barcelona,08,6,moto,,93.291.41.50,,LC039
08-0193-106-6,IBERDROLA SERVICIOS ENERGETICOS, SAU,VIA PUBLICA,NORMAL,Schuko,,,,,41.405085,2.207517,085 MOBECPOINT- SCHNEIDER ELECTRIC,Carrer de Llull, 285,Barcelona,0193,Barcelona,08,6,moto,,93.291.41.50,,LC039
08-0193-107-1,IBERDROLA SERVICIOS ENERGETICOS, SAU,VIA PUBLICA,NORMAL,Schuko,,,,,41.4064,2.2012,123 MOBECPOINT-Hotel Me,Carrer de Lope de Vega, 158 - Carrer Pere IV,Barcelona,0193,Barcelona,08,9,moto,,93.291.41.50,,LC040
08-0193-107-2,IBERDROLA SERVICIOS ENERGETICOS, SAU,VIA PUBLICA,NORMAL,Schuko,,,,,41.4064,2.2012,123 MOBECPOINT-Hotel Me,Carrer de Lope de Vega, 158 - Carrer Pere IV,Barcelona,0193,Barcelona,08,9,moto,,93.291.41.50,,LC040
08-0193-107-3,IBERDROLA SERVICIOS ENERGETICOS, SAU,VIA PUBLICA,NORMAL,Schuko,,,,,41.4064,2.2012,123 MOBECPOINT-Hotel Me,Carrer de Lope de Vega, 158 - Carrer Pere IV,Barcelona,0193,Barcelona,08,9,moto,,93.291.41.50,,LC040
08-0193-107-4,IBERDROLA SERVICIOS ENERGETICOS, SAU,VIA PUBLICA,NORMAL,Schuko,,,,,41.4064,2.2012,123 MOBECPOINT-Hotel Me,Carrer de Lope de Vega, 158 - Carrer Pere IV,Barcelona,0193,Barcelona,08,9,moto,,93.291.41.50,,LC040
08-0193-107-5,IBERDROLA SERVICIOS ENERGETICOS, SAU,VIA PUBLICA,NORMAL,Schuko,,,,,41.4064,2.2012,123 MOBECPOINT-Hotel Me,Carrer de Lope de Vega, 158 - Carrer Pere IV,Barcelona,0193,Barcelona,08,9,moto,,93.291.41.50,,LC040
08-0193-107-6,IBERDROLA SERVICIOS ENERGETICOS, SAU,VIA PUBLICA,NORMAL,Schuko,,,,,41.4064,2.2012,123 MOBECPOINT-Hotel Me,Carrer de Lope de Vega, 158 - Carrer Pere IV,Barcelona,0193,Barcelona,08,9,moto,,93.291.41.50,,LC040
08-0193-107-7,IBERDROLA SERVICIOS ENERGETICOS, SAU,VIA PUBLICA,NORMAL,Schuko,,,,,41.4064,2.2012,123 MOBECPOINT-Hotel Me,Carrer de Lope de Vega, 158 - Carrer Pere IV,Barcelona,0193,Barcelona,08,9,moto,,93.291.41.50,,LC040
08-0193-107-8,IBERDROLA SERVICIOS ENERGETICOS, SAU,VIA PUBLICA,NORMAL,Schuko,,,,,41.4064,2.2012,123 MOBECPOINT-Hotel Me,Carrer de Lope de Vega, 158 - Carrer Pere IV,Barcelona,0193,Barcelona,08,9,moto,,93.291.41.50,,LC040
08-0193-120-1,BIMSA,VIA PUBLICA,NORMAL,Schuko,,,,,41.393659,2.148857,Diagonal-Muntaner,Avinguda Diagonal, 449  ,Barcelona,0193,Barcelona,08,2.moto,,93.291.41.50,,LC041
08-0193-120-2,BIMSA,VIA PUBLICA,NORMAL,Schuko,,,,,41.393659,2.148857,Diagonal-Muntaner,Avinguda Diagonal, 449,Barcelona,0193,Barcelona,08,2.moto,,93.291.41.50,,LC041
08-0193-121-1,BIMSA,VIA PUBLICA,NORMAL,Schuko,,,,,41.393659,2.148857,Diagonal-Muntaner,Avinguda Diagonal, 449  ,Barcelona,0193,Barcelona,08,2.moto,,93.291.41.50,,LC042
08-0193-121-2,BIMSA,VIA PUBLICA,NORMAL,Schuko,,,,,41.393659,2.148857,Diagonal-Muntaner,Avinguda Diagonal, 449,Barcelona,0193,Barcelona,08,2.moto,,93.291.41.50,,LC042
08-0193-122-1,BIMSA,VIA PUBLICA,NORMAL,Schuko,,,,,41.394501,2.152312,Diagonal-Aribau,Avinguda Diagonal, 429,Barcelona,0193,Barcelona,08,2.moto,,93.291.41.50,,LC043
08-0193-122-2,BIMSA,VIA PUBLICA,NORMAL,Schuko,,,,,41.394501,2.152312,Diagonal-Aribau,Avinguda Diagonal, 429,Barcelona,0193,Barcelona,08,2.moto,,93.291.41.50,,LC043
08-0193-123-1,BIMSA,VIA PUBLICA,NORMAL,Schuko,,,,,41.394501,2.152312,Diagonal-Aribau,Avinguda Diagonal, 429,Barcelona,0193,Barcelona,08,2.moto,,93.291.41.50,,LC044
08-0193-123-2,BIMSA,VIA PUBLICA,NORMAL,Schuko,,,,,41.394501,2.152312,Diagonal-Aribau,Avinguda Diagonal, 429,Barcelona,0193,Barcelona,08,2.moto,,93.291.41.50,,LC044
08-0193-124-1,BIMSA,VIA PUBLICA,NORMAL,Schuko,,,,,41.396281,2.159284,Diagonal-Palau Robert,Avinguda Diagonal, 387,Barcelona,0193,Barcelona,08,2.moto,,93.291.41.50,,LC045
08-0193-124-2,BIMSA,VIA PUBLICA,NORMAL,Schuko,,,,,41.396281,2.159284,Diagonal-Palau Robert,Avinguda Diagonal, 387,Barcelona,0193,Barcelona,08,2.moto,,93.291.41.50,,LC045
08-0193-125-1,BIMSA,VIA PUBLICA,NORMAL,Schuko,,,,,41.396281,2.159284,Diagonal-Palau Robert,Avinguda Diagonal, 387,Barcelona,0193,Barcelona,08,2.moto,,93.291.41.50,,LC046
08-0193-125-2,BIMSA,VIA PUBLICA,NORMAL,Schuko,,,,,41.396281,2.159284,Diagonal-Palau Robert,Avinguda Diagonal, 387,Barcelona,0193,Barcelona,08,2.moto,,93.291.41.50,,LC046
08-0193-126-1,BIMSA,VIA PUBLICA,NORMAL,Schuko,,,,,41.393227,2.145783,Diagonal-Travessera,Avinguda Diagonal, 598,Barcelona,0193,Barcelona,08,2.moto,,93.291.41.50,,LC047
08-0193-126-2,BIMSA,VIA PUBLICA,NORMAL,Schuko,,,,,41.393227,2.145783,Diagonal-Travessera,Avinguda Diagonal, 598,Barcelona,0193,Barcelona,08,2.moto,,93.291.41.50,,LC047
08-0193-127-1,BIMSA,VIA PUBLICA,NORMAL,Schuko,,,,,41.393227,2.145783,Diagonal-Travessera,Avinguda Diagonal, 598,Barcelona,0193,Barcelona,08,2.moto,,93.291.41.50,,LC048
08-0193-127-2,BIMSA,VIA PUBLICA,NORMAL,Schuko,,,,,41.393227,2.145783,Diagonal-Travessera,Avinguda Diagonal, 598,Barcelona,0193,Barcelona,08,2.moto,,93.291.41.50,,LC048
08-0193-128-1,BIMSA,VIA PUBLICA,NORMAL,Schuko,,,,,41.395304,2.153848,Diagonal-Balmes Lateral Muntanya,Avinguda Diagonal, 508-510,Barcelona,0193,Barcelona,08,2.moto,,93.291.41.50,,LC049
08-0193-128-2,BIMSA,VIA PUBLICA,NORMAL,Schuko,,,,,41.395304,2.153848,Diagonal-Balmes Lateral Muntanya,Avinguda Diagonal, 508-510,Barcelona,0193,Barcelona,08,2.moto,,93.291.41.50,,LC049
08-0193-129-1,BIMSA,VIA PUBLICA,NORMAL,Schuko,,,,,41.395304,2.153848,Diagonal-Balmes Lateral Muntanya,Avinguda Diagonal, 508-510,Barcelona,0193,Barcelona,08,2.moto,,93.291.41.50,,LC050
08-0193-129-2,BIMSA,VIA PUBLICA,NORMAL,Schuko,,,,,41.395304,2.153848,Diagonal-Balmes Lateral Muntanya,Avinguda Diagonal, 508-510,Barcelona,0193,Barcelona,08,2.moto,,93.291.41.50,,LC050
08-0193-109-1,GAICU,VIA PUBLICA ,NORMAL,Schuko,semiRAPID,MENNEKES.F,,,41.406037,2.192503,XX PdR (eDUM)-El Parc i la Llacuna (7.4kW),Carrer de la Llacuna, 149,Barcelona,0193,Barcelona,08,2.mercaderies,,93.291.41.50,,QC001
08-0193-109-2,GAICU,VIA PUBLICA ,NORMAL,Schuko,semiRAPID,MENNEKES.F,,,41.406037,2.192503,XX PdR (eDUM)-El Parc i la Llacuna (7.4kW),Carrer de la Llacuna, 149,Barcelona,0193,Barcelona,08,2.mercaderies,,93.291.41.50,,QC001
08-0193-110-1,GAICU,VIA PUBLICA ,NORMAL,Schuko,semiRAPID,MENNEKES.F,,,41.433956,2.192101,94 PdR (eDUM)-Sant Adrià - Pl. Can Fabra (7.4kW),Carrer de Sant Adrià, 21,Barcelona,0193,Barcelona,08,2.mercaderies,,93.291.41.50,,QC002
08-0193-110-2,GAICU,VIA PUBLICA ,NORMAL,Schuko,semiRAPID,MENNEKES.F,,,41.433956,2.192101,94 PdR (eDUM)-Sant Adrià - Pl. Can Fabra (7.4kW),Carrer de Sant Adrià, 21,Barcelona,0193,Barcelona,08,2.mercaderies,,93.291.41.50,,QC002
08-0193-111-1,GAICU,VIA PUBLICA ,semiRAPID,MENNEKES.F,,,,,41.37544423,2.189038619,20 PdR (eTAXI)-Barceloneta - Joan de Borbó (7.4kW),Passeig Joan de Borbó - Carrer de la Drassana, 1,Barcelona,0193,Barcelona,08,2.taxi,,93.291.41.50,,QC003
08-0193-111-2,GAICU,VIA PUBLICA ,semiRAPID,MENNEKES.F,,,,,41.37544423,2.189038619,20 PdR (eTAXI)-Barceloneta - Joan de Borbó (7.4kW),Passeig Joan de Borbó - Carrer de la Drassana, 1,Barcelona,0193,Barcelona,08,2.taxi,,93.291.41.50,,QC003
08-0193-112-1,GAICU,VIA PUBLICA ,semiRAPID,MENNEKES.F,,,,,41.393005,2.146561,24 PdR (eTAXI)-Villarroel- Diagonal (7.4kW),Avinguda  Diagonal - Carrer de Villarroel,277,Barcelona,0193,Barcelona,08,2.taxi,,93.291.41.50,,QC004
08-0193-112-2,GAICU,VIA PUBLICA ,semiRAPID,MENNEKES.F,,,,,41.393005,2.146561,24 PdR (eTAXI)-Villarroel- Diagonal (7.4kW),Avinguda  Diagonal - Carrer de Villarroel,277,Barcelona,0193,Barcelona,08,2.taxi,,93.291.41.50,,QC004
08-0193-113-1,GAICU,VIA PUBLICA ,semiRAPID,MENNEKES.F,,,,,41.40695909,2.218313254,95 PdR (eTAXI)-Garcia i Fària - Josep Pla (7.4kW),Carrer Josep Pla-Passeig Garcia Fària, 87,Barcelona,0193,Barcelona,08,2.taxi,,93.291.41.50,,QC005
08-0193-113-2,GAICU,VIA PUBLICA ,semiRAPID,MENNEKES.F,,,,,41.40695909,2.218313254,96 PdR (eTAXI)-Garcia i Fària - Josep Pla (7.4kW),Carrer Josep Pla-Passeig Garcia Fària, 87,Barcelona,0193,Barcelona,08,2.taxi,,93.291.41.50,,QC005
08-0193-114-1,GAICU,VIA PUBLICA ,semiRAPID,MENNEKES.F,,,,,41.375233,2.151765,26 PdR (eTAXI)-Llançà - Paral·lel (7.4kW),Carrer de Llançà, 3 - Avinguda  del Paral·lel ,Barcelona,0193,Barcelona,08,2.taxi,,93.291.41.50,,QC006
08-0193-114-2,GAICU,VIA PUBLICA ,semiRAPID,MENNEKES.F,,,,,41.375233,2.151765,27 PdR (eTAXI)-Llançà - Paral·lel (7.4kW),Carrer de Llançà, 3 - Avinguda  del Paral·lel ,Barcelona,0193,Barcelona,08,2.taxi,,93.291.41.50,,QC006
08-0193-116-1,BIMSA,VIA PUBLICA ,NORMAL,Schuko,semiRAPID,MENNEKES.F,,,41.393688,2.14897,PdR (eDUM)-Avinguda Diagonal-Casanova,Avinguda Diagonal, 449 - Casanova,Barcelona,0193,Barcelona,08,2.mercaderies,,93.291.41.50,,QC007
08-0193-116-2,BIMSA,VIA PUBLICA ,NORMAL,Schuko,semiRAPID,MENNEKES.F,,,41.393688,2.14897,PdR (eDUM)-Avinguda Diagonal-Casanova,Avinguda Diagonal, 449 - Casanova,Barcelona,0193,Barcelona,08,2.mercaderies,,93.291.41.50,,QC007
08-0193-117-1,BIMSA,VIA PUBLICA ,NORMAL,Schuko,semiRAPID,MENNEKES.F,,,41.39537,2.153832,PdR (eDUM)-Avinguda Diagonal-Balmes,Avinguda Diagonal, 508 - Balmes,Barcelona,0193,Barcelona,08,2.mercaderies,,93.291.41.50,,QC008
08-0193-117-2,BIMSA,VIA PUBLICA ,NORMAL,Schuko,semiRAPID,MENNEKES.F,,,41.39537,2.153832,PdR (eDUM)-Avinguda Diagonal-Balmes,Avinguda Diagonal, 508 - Balmes,Barcelona,0193,Barcelona,08,2.mercaderies,,93.291.41.50,,QC008
