FID,legeplads_id,navn,adressebeskrivelse,bydel,legeplads_type,aldersgruppe,ejer,beskrivelse,link,link_kkdk,graffitirenhold,graffitirenhold_id,Latitude,Longitude
legeplads.1,7,Legepladsen på Hauser Plads,overfor Hauser Plads 16,Indre By,Legeplads,,Københavns kommune,Godt sted til en legepause på byturen.,http://kk.sites.itera.dk/apps/kk_legepladser_ny/index.asp?mode=detalje&id=57,http://kk.sites.itera.dk/apps/kk_legepladser_ny/index.asp?mode=detalje&id=57,ja,7,55.682711143117565,12.5758
legeplads.2,3,Legepladsen i Langelinieanlægget,ved Nordre Toldbod,Indre By,Legeplads,0-6,Københavns kommune,Sjov for små pirater.,http://kk.sites.itera.dk/apps/kk_legepladser_ny/index.asp?mode=detalje&id=60,http://kk.sites.itera.dk/apps/kk_legepladser_ny/index.asp?mode=detalje&id=60,ja,3,55.69098047114124,12.5998
legeplads.3,10,Legepladsen på Sankt Annæ Plads,udfor Sankt Annæ Plads 1-13,Indre By,Legeplads,0-6,Københavns kommune,Oplagt til picnic og legepause.,http://kk.sites.itera.dk/apps/kk_legepladser_ny/index.asp?mode=detalje&id=62,http://kk.sites.itera.dk/apps/kk_legepladser_ny/index.asp?mode=detalje&id=62,ja,10,55.68153148756668,12.5915
legeplads.4,6,Legepladsen på Gammelvagt,Gammel Vagt 5,Indre By,Legeplads,0-14,Københavns kommune,Masser af leg på hyggelig plads midt i byen.,http://kk.sites.itera.dk/apps/kk_legepladser_ny/index.asp?mode=detalje&id=104,http://kk.sites.itera.dk/apps/kk_legepladser_ny/index.asp?mode=detalje&id=104,ja,6,55.687638666832676,12.5857
legeplads.5,9,Legepladsen i Ørstedsparken ved Nørre Farimagsgade / Ahlefeldtsgade,overfor Ahlefeldtsgade 16,Indre By,Legeplads,0-6,Københavns kommune,Legeplads i forskudte terrasser med cafe ved siden af.,http://kk.sites.itera.dk/apps/kk_legepladser_ny/index.asp?mode=detalje&id=63,http://kk.sites.itera.dk/apps/kk_legepladser_ny/index.asp?mode=detalje&id=63,ja,9,55.68243653869809,12.5668
legeplads.6,11,Legepladsen i Ørstedsparken ved Nørre Farimagsgade,Nørre Farimagsgade 2,Indre By,Bemandet udflugtslegeplads,0-16,Københavns kommune,Kombineret klassisk og elektronisk legeplads.,http://kk.sites.itera.dk/apps/kk_legepladser_ny/index.asp?mode=detalje&id=100,http://kk.sites.itera.dk/apps/kk_legepladser_ny/index.asp?mode=detalje&id=100,ja,11,55.68066374201941,12.5648
legeplads.7,5,Legepladsen i Østre Anlæg ved Sølvtorvet,ved Sølvtorvet,Indre By,Legeplads,0-6,Københavns kommune,Kunstlegeplads udformet som dagligstue.,http://kk.sites.itera.dk/apps/kk_legepladser_ny/index.asp?mode=detalje&id=64,http://kk.sites.itera.dk/apps/kk_legepladser_ny/index.asp?mode=detalje&id=64,ja,5,55.6895346865842,12.5761
legeplads.8,15,Legepladsen på Christianshavns Vold - Elefantens Bastion,på Elefantens Bastion,Indre By,Bemandet legeplads,0-16,Københavns kommune,Grønne omgivelser og timevis af leg for alle aldre.,http://kk.sites.itera.dk/apps/kk_legepladser_ny/index.asp?mode=detalje&id=99,http://kk.sites.itera.dk/apps/kk_legepladser_ny/index.asp?mode=detalje&id=99,ja,15,55.66966840696987,12.5933
legeplads.9,14,Legepladsen på Christianshavns Vold - Panterens Bastion,på Panterens Bastion,Indre By,Legeplads,0-6,Københavns kommune,Fredelig  grøn plet til leg og grill.,http://kk.sites.itera.dk/apps/kk_legepladser_ny/index.asp?mode=detalje&id=65,http://kk.sites.itera.dk/apps/kk_legepladser_ny/index.asp?mode=detalje&id=65,ja,14,55.669599877562,12.5886
legeplads.10,2,Legepladsen på Kastellet ved Folke Bernadottes Alle/Grønningen,på Smedelinien ved Gustafkirken  udfor Princessens Bastion,Indre By,Legeplads,0-8,Københavns kommune,Ligger midt i et 350 år gammelt forsvarsanlæg.,http://kk.sites.itera.dk/apps/kk_legepladser_ny/index.asp?mode=detalje&id=59,http://kk.sites.itera.dk/apps/kk_legepladser_ny/index.asp?mode=detalje&id=59,ja,2,55.69272449969055,12.5915
legeplads.11,13,Legepladsen på Nikolaj Plads,udfor Nikolaj Plads 5-11,Indre By,Legeplads,0-6,Københavns kommune,Kunstlegeplads på rolig plads ved Strøget.,http://kk.sites.itera.dk/apps/kk_legepladser_ny/index.asp?mode=detalje&id=61,http://kk.sites.itera.dk/apps/kk_legepladser_ny/index.asp?mode=detalje&id=61,ja,13,55.67876337291623,12.5821
legeplads.12,1,Legepladsen i Classens Have,adgang fra Classensgade og Arendalsgade,Indre By,Legeplads,0-6,Københavns kommune,Ligger i et frodigt gårdanlæg med offentlig adgang.,http://kk.sites.itera.dk/apps/kk_legepladser_ny/index.asp?mode=detalje&id=68,http://kk.sites.itera.dk/apps/kk_legepladser_ny/index.asp?mode=detalje&id=68,ja,1,55.697949603524556,12.589
legeplads.13,8,Legepladsen på Israels Plads,ved Ahlefeldtsgade,Indre By,Legeplads,0-16,Københavns kommune,Legeplads med New Yorker-stemning.,http://kk.sites.itera.dk/apps/kk_legepladser_ny/index.asp?mode=detalje&id=58,http://kk.sites.itera.dk/apps/kk_legepladser_ny/index.asp?mode=detalje&id=58,nej,8,55.682657692613766,12.5685
legeplads.14,4,Legepladsen i Østre Anlæg ved Malmøgade,Stockholmsgade 24,Indre By,Legeplads,0-14,Københavns kommune,Populært  grønt åndehul med kælkebakke,http://kk.sites.itera.dk/apps/kk_legepladser_ny/index.asp?mode=detalje&id=114,http://kk.sites.itera.dk/apps/kk_legepladser_ny/index.asp?mode=detalje&id=114,ja,4,55.690462674122244,12.5791
legeplads.15,53,Havnegades trampolinpromenade,Havnegade,Indre By,Legeplads,Alle,Københavns kommune,Hop i trampolin med havnekig.,http://www.kk.dk/Borger/ByOgTrafik/Anlaegsprojekter/GaderOgVeje/Havnegade.aspx,http://www.kk.dk/Borger/ByOgTrafik/Anlaegsprojekter/GaderOgVeje/Havnegade.aspx,ja,53,55.6767238736979,12.5897
legeplads.16,132,Legepladsen i Amorparken,Tagensvej/Nørre Alle,Østerbro,Legeplads,0-4,Københavns kommune,Lillebitte legeplads med fugleredegynge  borde og bænke.,http://kk.sites.itera.dk/apps/kk_legepladser_ny/index.asp?mode=detalje&id=127,http://kk.sites.itera.dk/apps/kk_legepladser_ny/index.asp?mode=detalje&id=127,ja,132,55.69546734042892,12.5644
legeplads.17,22,Legepladsen på Bopa Plads,Viborggade/Randersgade/Løgstørgade,Østerbro,Legeplads,0-4,Københavns kommune,Frugtlegeplads på Østerbros hyggeligste cafetorv.,http://kk.sites.itera.dk/apps/kk_legepladser_ny/index.asp?mode=detalje&id=67,http://kk.sites.itera.dk/apps/kk_legepladser_ny/index.asp?mode=detalje&id=67,ja,22,55.705167038607755,12.581
legeplads.18,26,Legepladsen i Livjægergade ved Rosenvængets Alle,Rosenvængets Allé/Livjægergade/Næstvedgade,Østerbro,Legeplads,0-8,Københavns kommune,Tårne broer og høje træer i en fredfyldt  grøn krog.,http://kk.sites.itera.dk/apps/kk_legepladser_ny/index.asp?mode=detalje&id=74,http://kk.sites.itera.dk/apps/kk_legepladser_ny/index.asp?mode=detalje&id=74,ja,26,55.700216912888145,12.5852
legeplads.19,28,Den indendørs legeplads i Blegdamsremisen,Blegdamsvej 132A,Østerbro,Bemandet legeplads,0-12,Københavns kommune,Københavns tårne i børnestørrelse.,http://kk.sites.itera.dk/apps/kk_legepladser_ny/index.asp?mode=detalje&id=105,http://kk.sites.itera.dk/apps/kk_legepladser_ny/index.asp?mode=detalje&id=105,nej,28,55.69877006840582,12.5766
legeplads.20,29,Tårnlegepladsen,Frederik V's Vej 4,Østerbro,Bemandet legeplads,,Københavns kommune,,,,ja,29,55.69724545113915,12.5696
legeplads.21,16,Legepladsen i Kildevældsparken,Vognmandsmarken 69,Østerbro,Bemandet legeplads,0-16,Københavns kommune,Godt gemt perle på Østerbro med aktiviteter året rundt.,http://kk.sites.itera.dk/apps/kk_legepladser_ny/index.asp?mode=detalje&id=96,http://kk.sites.itera.dk/apps/kk_legepladser_ny/index.asp?mode=detalje&id=96,ja,16,55.71408201739017,12.5652
legeplads.22,25,Skaterpark i Fælledparken ved Edel Sauntes Alle,sydlige ende af Borgmester Jensens Allé,Østerbro,Udflugtslegeplads,fra 6,Københavns kommune,En af nordens største skaterparker.,http://kk.sites.itera.dk/apps/kk_legepladser_ny/index.asp?mode=detalje&id=73,http://kk.sites.itera.dk/apps/kk_legepladser_ny/index.asp?mode=detalje&id=73,nej,25,55.69944260736451,12.5629
legeplads.23,18,Legepladsen i Svendborggade,Svendborggade – Nyborggade,Østerbro,Legeplads,0-8,Københavns kommune,Grøn oase med leg og urtebede side om side.,http://kk.sites.itera.dk/apps/kk_legepladser_ny/index.asp?mode=detalje&id=78,http://kk.sites.itera.dk/apps/kk_legepladser_ny/index.asp?mode=detalje&id=78,ja,18,55.70958992331693,12.5832
legeplads.24,23,Legepladsen på Silkeborg Plads,ved Horsensgade,Østerbro,Legeplads,0-8,Københavns kommune,Lokalt mødested for familier med børn.,http://kk.sites.itera.dk/apps/kk_legepladser_ny/index.asp?mode=detalje&id=75,http://kk.sites.itera.dk/apps/kk_legepladser_ny/index.asp?mode=detalje&id=75,ja,23,55.704924006404894,12.5851
legeplads.25,19,Legepladsen på Århus Plads,Århus Plads 2-6,Østerbro,Legeplads,3-14,Københavns kommune,Kæntret sørøverskib med byens stejleste rutsjebane.,http://kk.sites.itera.dk/apps/kk_legepladser_ny/index.asp?mode=detalje&id=76,http://kk.sites.itera.dk/apps/kk_legepladser_ny/index.asp?mode=detalje&id=76,ja,19,55.70666430269874,12.583
legeplads.26,17,Legepladsen i Musholmgade,Musholmgade Legegade,Østerbro,Legeplads,0-8,Københavns kommune,Sjov grøn legegade.,http://kk.sites.itera.dk/apps/kk_legepladser_ny/index.asp?mode=detalje&id=77,http://kk.sites.itera.dk/apps/kk_legepladser_ny/index.asp?mode=detalje&id=77,ja,17,55.711574162843846,12.5747
legeplads.27,24,Trafiklegepladsen i Fælledparken,Gunnar Nu Hansens Plads 10,Østerbro,Bemandet udflugtslegeplads,2-12,Københavns kommune,Københavns sødeste trafikby i ministørrelse.,http://kk.sites.itera.dk/apps/kk_legepladser_ny/index.asp?mode=detalje&id=117,http://kk.sites.itera.dk/apps/kk_legepladser_ny/index.asp?mode=detalje&id=117,ja,24,55.704571406539934,12.5705
legeplads.28,21,Legepladsen i Fælledparken ved Serridslevvej syd,Borgmester Jensens Allé/Serridslevvej,Østerbro,Legeplads,Alle,Københavns kommune,God til picnic  petanque og træstubbe-tagfat.,http://kk.sites.itera.dk/apps/kk_legepladser_ny/index.asp?mode=detalje&id=72,http://kk.sites.itera.dk/apps/kk_legepladser_ny/index.asp?mode=detalje&id=72,ja,21,55.70599367261477,12.5726
legeplads.29,20,Legepladsen i Fælledparken ved Serridslevvej nord,Borgmester Jensens Allé/Serridslevvej,Østerbro,Legeplads,0-16,Københavns kommune,God plads  meget leg og nabo til kunstgræsbaner.,http://kk.sites.itera.dk/apps/kk_legepladser_ny/index.asp?mode=detalje&id=71,http://kk.sites.itera.dk/apps/kk_legepladser_ny/index.asp?mode=detalje&id=71,ja,20,55.70671398790202,12.5714
legeplads.30,27,Sansehaven i Fælledparken,ved indgangen fra Trianglen,Østerbro,Legeplads,Alle,Københavns kommune,Sansehave  hvor også handicappede kan lege med.,http://kk.sites.itera.dk/apps/kk_legepladser_ny/index.asp?mode=detalje&id=70,http://kk.sites.itera.dk/apps/kk_legepladser_ny/index.asp?mode=detalje&id=70,ja,27,55.69970561347167,12.5735
legeplads.31,30,Legepladsen i Fredens Park,Fredensgade/Søpassagen,Østerbro,Legeplads,0-14,Københavns kommune,Legeoase ved søerne.,http://kk.sites.itera.dk/apps/kk_legepladser_ny/index.asp?mode=detalje&id=69,http://kk.sites.itera.dk/apps/kk_legepladser_ny/index.asp?mode=detalje&id=69,ja,30,55.69336765123823,12.5682
legeplads.32,36,Legepladsen i Allersgade,mellem Allersgade og Thorsgade,Nørrebro,Legeplads,2-8,Københavns kommune,Nok det sted i byen med mest leg pr. m².,http://kk.sites.itera.dk/apps/kk_legepladser_ny/index.asp?mode=detalje&id=25,http://kk.sites.itera.dk/apps/kk_legepladser_ny/index.asp?mode=detalje&id=25,ja,36,55.696785191089496,12.5471
legeplads.33,37,Legepladsen på Bispeengen,Hillerødgade 23B,Nørrebro,Bemandet legeplads,0-16,Københavns kommune,Stor bemandet legeplads med weekendåbent.,http://kk.sites.itera.dk/apps/kk_legepladser_ny/index.asp?mode=detalje&id=108,http://kk.sites.itera.dk/apps/kk_legepladser_ny/index.asp?mode=detalje&id=108,ja,37,55.69548591605524,12.5359
legeplads.34,41,Legepladsen i Hans Tavsens Park vest,Hans Tavsens Gade 40,Nørrebro,Bemandet legeplads,Fra 8,Københavns kommune,Multibanerne til bl.a. tennis og minigolf.,http://kk.sites.itera.dk/apps/kk_legepladser_ny/index.asp?mode=detalje&id=81,http://kk.sites.itera.dk/apps/kk_legepladser_ny/index.asp?mode=detalje&id=81,ja,41,55.689903538618545,12.5459
legeplads.35,38,Legepladsen i Nørrebroparken,Stefansgade 30,Nørrebro,Bemandet udflugtslegeplads,0-16,Københavns kommune,Kæmpestor flyvemaskine og en strandet hval,http://kk.sites.itera.dk/apps/kk_legepladser_ny/index.asp?mode=detalje&id=112,http://kk.sites.itera.dk/apps/kk_legepladser_ny/index.asp?mode=detalje&id=112,ja,38,55.69461352151691,12.5422
legeplads.36,32,Legepladsen på Lersø Parkallé,Ved Gyritegade udfor Lersø Parkallé 23-57,Nørrebro,Legeplads,3-8,Københavns kommune,Én lang forhindringsbane for mindre børn.,http://kk.sites.itera.dk/apps/kk_legepladser_ny/index.asp?mode=detalje&id=27,http://kk.sites.itera.dk/apps/kk_legepladser_ny/index.asp?mode=detalje&id=27,ja,32,55.70554090581224,12.5569
legeplads.37,167,Legepladsen i Mimersparken,Borgmestervangen 51,Nørrebro,Bemandet legeplads,,Københavns kommune,,http://kk.sites.itera.dk/apps/kk_legepladser_ny/index.asp?mode=detalje&id=134,http://kk.sites.itera.dk/apps/kk_legepladser_ny/index.asp?mode=detalje&id=134,ja,167,55.70460084663622,12.5411
legeplads.38,39,Legepladsen i Udbygade,Udbygade/Guldbergsgade/Sjællandsgade,Nørrebro,Legeplads,0-6,Københavns kommune,Skæg småbørnslegeplads i flot gammelt byrum.,http://kk.sites.itera.dk/apps/kk_legepladser_ny/index.asp?mode=detalje&id=84,http://kk.sites.itera.dk/apps/kk_legepladser_ny/index.asp?mode=detalje&id=84,ja,39,55.69445108658461,12.5537
legeplads.39,45,Legepladsen på Blågårds Plads,vestlige ende af Blågårds Plads,Nørrebro,Legeplads,1-8,Københavns kommune,Kunstlegeplads med anderledes farver og former.,http://kk.sites.itera.dk/apps/kk_legepladser_ny/index.asp?mode=detalje&id=79,http://kk.sites.itera.dk/apps/kk_legepladser_ny/index.asp?mode=detalje&id=79,ja,45,55.68658720607631,12.5568
legeplads.40,35,Legepladsen på Guldbergs Plads,mellem Guldbergsgade og Tibirkegade,Nørrebro,Legeplads,2-12,Københavns kommune,Anderledes boltreplads i ét af Nørrebros fine byrum.,http://kk.sites.itera.dk/apps/kk_legepladser_ny/index.asp?mode=detalje&id=80,http://kk.sites.itera.dk/apps/kk_legepladser_ny/index.asp?mode=detalje&id=80,ja,35,55.6967875592534,12.5539
legeplads.41,31,Legepladsen i Folkets Park,Stengade 50,Nørrebro,Legeplads,3-8,Københavns kommune,Lille  anderledes legeplads med klatrestativ.,http://kk.sites.itera.dk/apps/kk_legepladser_ny/index.asp?mode=detalje&id=128,http://kk.sites.itera.dk/apps/kk_legepladser_ny/index.asp?mode=detalje&id=128,ja,31,55.687580757898175,12.5547
legeplads.42,130,Legepladsen i BaNanna Park,Nannasgade 6,Nørrebro,Legeplads,0-16,Københavns kommune,Park med sol  leg og et hav af aktivitetsmuligheder,http://kk.sites.itera.dk/apps/kk_legepladser_ny/index.asp?mode=detalje&id=129,http://kk.sites.itera.dk/apps/kk_legepladser_ny/index.asp?mode=detalje&id=129,ja,130,55.69984766828994,12.5495
legeplads.43,34,Legepladsen i Odinsgade,mellem Jagtvej og Thorsgade,Nørrebro,Legeplads,0-10,Københavns kommune,Ligger ved siden af byens første lommepark.,http://kk.sites.itera.dk/apps/kk_legepladser_ny/index.asp?mode=detalje&id=28,http://kk.sites.itera.dk/apps/kk_legepladser_ny/index.asp?mode=detalje&id=28,ja,34,55.697063260395076,12.5503
legeplads.44,131,ByOasen i De Gamles By,Møllegade 25 C,Nørrebro,Bemandet legeplads,,Københavns kommune,,http://kk.sites.itera.dk/apps/kk_legepladser_ny/index.asp?mode=detalje&id=135,http://kk.sites.itera.dk/apps/kk_legepladser_ny/index.asp?mode=detalje&id=135,ja,131,55.69275828010435,12.5571
legeplads.45,46,Legepladsen i Wesselsgade,Wesselsgade 12-16,Nørrebro,Bemandet legeplads,0-16,Københavns kommune,Timevis af leg lige ved Søerne.,http://kk.sites.itera.dk/apps/kk_legepladser_ny/index.asp?mode=detalje&id=116,http://kk.sites.itera.dk/apps/kk_legepladser_ny/index.asp?mode=detalje&id=116,ja,46,55.68593023261632,12.5596
legeplads.46,44,Legepladsen i Hans Tavsens Park øst,Hans Tavsens Gade 40,Nørrebro,Bemandet legeplads,0-14,Københavns kommune,En af Nørrebros hemmelige oaser for børnefamilier.,http://kk.sites.itera.dk/apps/kk_legepladser_ny/index.asp?mode=detalje&id=111,http://kk.sites.itera.dk/apps/kk_legepladser_ny/index.asp?mode=detalje&id=111,ja,44,55.68848514686782,12.5496
legeplads.47,42,Legepladsen i Ravnsborggade/Sankt Hans Gade,Hjørnet af Ravnsborggade 23/Sankt Hans Gade 13,Nørrebro,Legeplads,Fra 8,Københavns kommune,Skaterlegeplads med indbygget bio.,http://kk.sites.itera.dk/apps/kk_legepladser_ny/index.asp?mode=detalje&id=82,http://kk.sites.itera.dk/apps/kk_legepladser_ny/index.asp?mode=detalje&id=82,nej,42,55.68971679774011,12.563
legeplads.48,43,Legepladsen i Sankt Hans Gade,Sankt Hans Gade 3-5,Nørrebro,Legeplads,0-8,Københavns kommune,Blødt bakkelandskab midt på Nørrebro.,http://kk.sites.itera.dk/apps/kk_legepladser_ny/index.asp?mode=detalje&id=83,http://kk.sites.itera.dk/apps/kk_legepladser_ny/index.asp?mode=detalje&id=83,ja,43,55.689249439074885,12.5642
legeplads.49,33,Legepladsen i Baldersgade,ved Balders Plads,Nørrebro,Legeplads,0-14,Københavns kommune,Kunstlegeplads dekoreret med harlekinmønster.,http://kk.sites.itera.dk/apps/kk_legepladser_ny/index.asp?mode=detalje&id=26,http://kk.sites.itera.dk/apps/kk_legepladser_ny/index.asp?mode=detalje&id=26,ja,33,55.701098624908674,12.548
legeplads.50,55,Legepladsen på Sjælør Boulevard,Sjælør Boulevard ved Mozartsvej,Vesterbro-Kongens Enghave,Legeplads,2-16,Københavns kommune,Boldbur  grønt og nyt på vej.,http://kk.sites.itera.dk/apps/kk_legepladser_ny/index.asp?mode=detalje&id=44,http://kk.sites.itera.dk/apps/kk_legepladser_ny/index.asp?mode=detalje&id=44,ja,55,55.64804145134337,12.5286
legeplads.51,51,Legepladsen på Enghave Plads,Enghavevej mellem 42 og 56,Vesterbro-Kongens Enghave,Legeplads,0-16,Københavns kommune,Skating  boldspil i hjertet af Vesterbros.,http://kk.sites.itera.dk/apps/kk_legepladser_ny/index.asp?mode=detalje&id=42,http://kk.sites.itera.dk/apps/kk_legepladser_ny/index.asp?mode=detalje&id=42,ja,51,55.66734011534883,12.5449
legeplads.52,47,Legepladsen i Saxoparken,Mathæusgade ,Vesterbro-Kongens Enghave,Legeplads,0-16,Københavns kommune,Legeøer i lille bypark med naturværksted.,http://kk.sites.itera.dk/apps/kk_legepladser_ny/index.asp?mode=detalje&id=43,http://kk.sites.itera.dk/apps/kk_legepladser_ny/index.asp?mode=detalje&id=43,ja,47,55.67139484253948,12.5513
legeplads.53,54,Legepladsen i Rektorparken,ved Vestre Kirkegårds Allé,Vesterbro-Kongens Enghave,Legeplads,0-8,Københavns kommune,Hyggeligt legested i lille park.,http://kk.sites.itera.dk/apps/kk_legepladser_ny/index.asp?mode=detalje&id=45,http://kk.sites.itera.dk/apps/kk_legepladser_ny/index.asp?mode=detalje&id=45,ja,54,55.66239023420071,12.5325
legeplads.54,48,Legepladsen i Skydebanehaven,Absalonsgade 12,Vesterbro-Kongens Enghave,Bemandet udflugtslegeplads,0-16,Københavns kommune,Kæmpestor legeplads i Vesterbros grønneste oase.,http://kk.sites.itera.dk/apps/kk_legepladser_ny/index.asp?mode=detalje&id=115,http://kk.sites.itera.dk/apps/kk_legepladser_ny/index.asp?mode=detalje&id=115,ja,48,55.670073686512644,12.5538
legeplads.55,52,Legepladsen på Sønder Boulevard,Sønder Boulevard ud for nr. 103,Vesterbro-Kongens Enghave,Legeplads,2-10,Københavns kommune,Bountyland for byens små pirater.,http://kk.sites.itera.dk/apps/kk_legepladser_ny/index.asp?mode=detalje&id=125,http://kk.sites.itera.dk/apps/kk_legepladser_ny/index.asp?mode=detalje&id=125,ja,52,55.66436759967484,12.5457
legeplads.56,49,Legepladsen i Broagergade,Broager Legegade,Vesterbro-Kongens Enghave,Legeplads,0-8,Københavns kommune,Lille vejstykke forvandlet til legeplads.,http://kk.sites.itera.dk/apps/kk_legepladser_ny/index.asp?mode=detalje&id=41,http://kk.sites.itera.dk/apps/kk_legepladser_ny/index.asp?mode=detalje&id=41,ja,49,55.668528355717505,12.546
legeplads.57,50,Legepladsen i Enghaveparken,Ejderstedsgade 1,Vesterbro-Kongens Enghave,Bemandet legeplads,0-16,Københavns kommune,Godt gemt oase for far mor og børn.,http://kk.sites.itera.dk/apps/kk_legepladser_ny/index.asp?mode=detalje&id=120,http://kk.sites.itera.dk/apps/kk_legepladser_ny/index.asp?mode=detalje&id=120,ja,50,55.66771459317547,12.5416
legeplads.58,68,Legepladsen i Vigerslevparken ved Stakhaven,ved Stakhaven,Valby,Legeplads,Fra 3,Københavns kommune,Sjov naturlegeplads med smuk placering.,http://kk.sites.itera.dk/apps/kk_legepladser_ny/index.asp?mode=detalje&id=55,http://kk.sites.itera.dk/apps/kk_legepladser_ny/index.asp?mode=detalje&id=55,ja,68,55.645668516569046,12.4955
legeplads.59,59,Legepladsen på Carl Langes Vej,mellem Eschrichtsvej og Panumsvej,Valby,Legeplads,0-8,Københavns kommune,Farlig trold og junglesti.,http://kk.sites.itera.dk/apps/kk_legepladser_ny/index.asp?mode=detalje&id=46,http://kk.sites.itera.dk/apps/kk_legepladser_ny/index.asp?mode=detalje&id=46,ja,59,55.663769756531806,12.4987
legeplads.60,67,Legepladsen ved Kirsebærhaven ,Kirsebærhaven 14,Valby,Legeplads,3-10,Københavns kommune,Kæmpesnegl  Eiffeltårnsnet og skaterplads.,http://kk.sites.itera.dk/apps/kk_legepladser_ny/index.asp?mode=detalje&id=110,http://kk.sites.itera.dk/apps/kk_legepladser_ny/index.asp?mode=detalje&id=110,ja,67,55.64964429523615,12.5025
legeplads.61,60,Legepladsen på Steins Plads,mellem Eschrichtsvej og Steinsvej,Valby,Legeplads,3-10,Københavns kommune,Flot plads med asfaltbakker til trickcykling mv.,http://kk.sites.itera.dk/apps/kk_legepladser_ny/index.asp?mode=detalje&id=48,http://kk.sites.itera.dk/apps/kk_legepladser_ny/index.asp?mode=detalje&id=48,ja,60,55.66208623457849,12.5039
legeplads.62,61,Legepladsen i Trekronergade,Vigerslev Allé/Trekronergade,Valby,Legeplads,2-8,Københavns kommune,Dækningsgrave forvandlet til legebakker.,http://kk.sites.itera.dk/apps/kk_legepladser_ny/index.asp?mode=detalje&id=49,http://kk.sites.itera.dk/apps/kk_legepladser_ny/index.asp?mode=detalje&id=49,ja,61,55.66138416259685,12.5191
legeplads.63,71,Børnenes Årtusindskiftehave i Valbyparken (Kærestehaven),Temahaven Børnenes Årtusindskiftehave ,Valby,Legeplads,6-10,Københavns kommune,Fantasiland skabt af børn for børn.,http://kk.sites.itera.dk/apps/kk_legepladser_ny/index.asp?mode=detalje&id=51,http://kk.sites.itera.dk/apps/kk_legepladser_ny/index.asp?mode=detalje&id=51,ja,71,55.6402957763925,12.5207
legeplads.64,69,Naturlegepladsen i Valbyparken,Hammelstrupvej 42,Valby,Bemandet udflugtslegeplads,0-16,Københavns kommune,Byens største og mest besøgte legeplads.,http://kk.sites.itera.dk/apps/kk_legepladser_ny/index.asp?mode=detalje&id=103,http://kk.sites.itera.dk/apps/kk_legepladser_ny/index.asp?mode=detalje&id=103,ja,69,55.64452321754839,12.5197
legeplads.65,65,Legepladsen på Vigerslev Alle,adgang fra Kærskiftevej 151-159,Valby,Legeplads,0-14,Københavns kommune,Tarzanbane og skjulte labyrinter.,http://kk.sites.itera.dk/apps/kk_legepladser_ny/index.asp?mode=detalje&id=52,http://kk.sites.itera.dk/apps/kk_legepladser_ny/index.asp?mode=detalje&id=52,ja,65,55.65695983943322,12.487
legeplads.66,64,Legepladsen i Vigerslevparken ved Lykkebovej/Engdals Alle,ved Lykkebovej,Valby,Legeplads,0-8,Københavns kommune,Piratlegeplads for de mindste.,http://kk.sites.itera.dk/apps/kk_legepladser_ny/index.asp?mode=detalje&id=53,http://kk.sites.itera.dk/apps/kk_legepladser_ny/index.asp?mode=detalje&id=53,ja,64,55.65776748607234,12.4784
legeplads.67,58,Legepladsen i Vigerslevparken ved Engdraget 63,ved Engdraget over for Mellemleddet,Valby,Legeplads,3-8,Københavns kommune,Overraskende legeting midt i frodig park.,http://kk.sites.itera.dk/apps/kk_legepladser_ny/index.asp?mode=detalje&id=54,http://kk.sites.itera.dk/apps/kk_legepladser_ny/index.asp?mode=detalje&id=54,ja,58,55.66669320537018,12.4793
legeplads.68,70,Legepladsen i Valbyparken ved Cafe Rosenhaven,ved Cafe Rosenhaven,Valby,Legeplads,0-8,Københavns kommune,Sjove figurer og lille cafe.,http://kk.sites.itera.dk/apps/kk_legepladser_ny/index.asp?mode=detalje&id=50,http://kk.sites.itera.dk/apps/kk_legepladser_ny/index.asp?mode=detalje&id=50,ja,70,55.64241235411572,12.52
legeplads.69,63,Legepladsen på Lykkebovej,Overfor Højbovej,Valby,Legeplads,3-10,Københavns kommune,Fitness-legeplads for unge.,http://kk.sites.itera.dk/apps/kk_legepladser_ny/index.asp?mode=detalje&id=47,http://kk.sites.itera.dk/apps/kk_legepladser_ny/index.asp?mode=detalje&id=47,ja,63,55.65870807422669,12.4876
legeplads.70,62,Legepladsen på Vilhelm Thomsens Allé,Vilhelm Thomsens Allé 42,Valby,Legeplads,0-14,Københavns kommune,Lokal legeplads i grønne omgivelser.,http://kk.sites.itera.dk/apps/kk_legepladser_ny/index.asp?mode=detalje&id=56,http://kk.sites.itera.dk/apps/kk_legepladser_ny/index.asp?mode=detalje&id=56,ja,62,55.6594880278113,12.5054
legeplads.71,82,Legepladsen på Damhusengen ved Vanløse Byvej,ved Vanløse Byvej,Vanløse,Legeplads,3-10,Københavns kommune,Ligger ved den grønne cykelrute og kan leges på i timevis.,http://kk.sites.itera.dk/apps/kk_legepladser_ny/index.asp?mode=detalje&id=31,http://kk.sites.itera.dk/apps/kk_legepladser_ny/index.asp?mode=detalje&id=31,ja,82,55.68718754823909,12.4709
legeplads.72,84,Legepladsen på Damhusengen - Elvergårdsvej,ved Elvergårdsvej,Vanløse,Legeplads,3-10,Københavns kommune,Sjov og anderledes naturlegeplads i flotte omgivelser.,http://kk.sites.itera.dk/apps/kk_legepladser_ny/index.asp?mode=detalje&id=29,http://kk.sites.itera.dk/apps/kk_legepladser_ny/index.asp?mode=detalje&id=29,ja,84,55.68117902829066,12.47
legeplads.73,76,Legepladsen på Nørager Plads,Nørager Plads 23,Vanløse,Bemandet legeplads,0-16,Københavns kommune,Meget populær og med mange aktivitetstilbud.,http://kk.sites.itera.dk/apps/kk_legepladser_ny/index.asp?mode=detalje&id=97,http://kk.sites.itera.dk/apps/kk_legepladser_ny/index.asp?mode=detalje&id=97,ja,76,55.69614070740983,12.4748
legeplads.74,78,Legepladsen på Grøndal Torv,overfor Godthåbsvej 199-203,Vanløse,Legeplads,3-10,Københavns kommune,Lækkert boldbur hyggelig leg og flot have.,http://kk.sites.itera.dk/apps/kk_legepladser_ny/index.asp?mode=detalje&id=34,http://kk.sites.itera.dk/apps/kk_legepladser_ny/index.asp?mode=detalje&id=34,ja,78,55.693321849348216,12.513
legeplads.75,73,Naturlegepladsen i Rødkildeparken,ved Hvidkildevej,Vanløse,Legeplads,3-14,Københavns kommune,Rutsjebane  svævebane og spændende skib.,http://kk.sites.itera.dk/apps/kk_legepladser_ny/index.asp?mode=detalje&id=8,http://kk.sites.itera.dk/apps/kk_legepladser_ny/index.asp?mode=detalje&id=8,ja,73,55.6996843801924,12.5107
legeplads.76,75,Legepladsen på Fuglsang Alle,overfor Beldringevej,Vanløse,Legeplads,2-8,Københavns kommune,Skøn indhegnet legeplads med Tarzan-sti for små og store.,http://kk.sites.itera.dk/apps/kk_legepladser_ny/index.asp?mode=detalje&id=4,http://kk.sites.itera.dk/apps/kk_legepladser_ny/index.asp?mode=detalje&id=4,ja,75,55.69765411793417,12.4973
legeplads.77,81,Legepladsen på Skibelundvej,Skivelundvej 12,Vanløse,Legeplads,3-14,Københavns kommune,Snurrestænger  hænge-karussel og sjov rutsjebane.,http://kk.sites.itera.dk/apps/kk_legepladser_ny/index.asp?mode=detalje&id=39,http://kk.sites.itera.dk/apps/kk_legepladser_ny/index.asp?mode=detalje&id=39,ja,81,55.69218624991743,12.4958
legeplads.78,79,Legepladsen på Grøndalsvænge Alle,ved Morbærvej,Vanløse,Legeplads,3-10,Københavns kommune,Sand + stammer + sten = timevis af leg.,http://kk.sites.itera.dk/apps/kk_legepladser_ny/index.asp?mode=detalje&id=36,http://kk.sites.itera.dk/apps/kk_legepladser_ny/index.asp?mode=detalje&id=36,ja,79,55.69263507364895,12.519
legeplads.79,77,Legepladsen i Krogebjergparken,ved Roshagevej,Vanløse,Legeplads,3-10,Københavns kommune,Kæmpegynger og himmelhøjt klatrenet.,http://kk.sites.itera.dk/apps/kk_legepladser_ny/index.asp?mode=detalje&id=38,http://kk.sites.itera.dk/apps/kk_legepladser_ny/index.asp?mode=detalje&id=38,ja,77,55.69629620779727,12.4648
legeplads.80,80,Legepladsen på Jyllingevej,overfor Jermbane Allé,Vanløse,Legeplads,fra 6,Københavns kommune,Skateranlæg for begyndere og let øvede.,http://kk.sites.itera.dk/apps/kk_legepladser_ny/index.asp?mode=detalje&id=37,http://kk.sites.itera.dk/apps/kk_legepladser_ny/index.asp?mode=detalje&id=37,ja,80,55.692631086122546,12.4867
legeplads.81,83,Legepladsen i Grøndalsparken,overfor Arnestedet,Vanløse,Legeplads,0-14,Københavns kommune,Dejlig park keltisk soltempel og sjove trampoliner.,http://kk.sites.itera.dk/apps/kk_legepladser_ny/index.asp?mode=detalje&id=35,http://kk.sites.itera.dk/apps/kk_legepladser_ny/index.asp?mode=detalje&id=35,ja,83,55.68110056372213,12.4915
legeplads.82,74,Legepladsen på Genforeningspladsen syd,ved Mågevej,Vanløse,Legeplads,Alle,Københavns kommune,Hyggelig legekrog ved idrætsanlæg og udendørs skøjtebane.,http://kk.sites.itera.dk/apps/kk_legepladser_ny/index.asp?mode=detalje&id=33,http://kk.sites.itera.dk/apps/kk_legepladser_ny/index.asp?mode=detalje&id=33,ja,74,55.698816009057985,12.5215
legeplads.83,72,Legepladsen på Genforeningspladsen nord,ved Hulgårdsvej 86-90,Vanløse,Legeplads,0-8,Københavns kommune,Hyggelig legeplads ved idrætsanlæg og boldbaner.,http://kk.sites.itera.dk/apps/kk_legepladser_ny/index.asp?mode=detalje&id=32,http://kk.sites.itera.dk/apps/kk_legepladser_ny/index.asp?mode=detalje&id=32,ja,72,55.6997661316007,12.5178
legeplads.84,92,Legepladsen i Husumparken,Nordrupvej 16,Brønshøj-Husum,Bemandet legeplads,0-16,Københavns kommune,Afsæt gerne halve eller hele dage til besøget.,http://kk.sites.itera.dk/apps/kk_legepladser_ny/index.asp?mode=detalje&id=107,http://kk.sites.itera.dk/apps/kk_legepladser_ny/index.asp?mode=detalje&id=107,ja,92,55.7040621621094,12.4708
legeplads.85,87,Legepladsen på Vestvolden ved Mørkhøjvej,ved Mørkhøjvej,Brønshøj-Husum,Legeplads,2-10,Københavns kommune,Forhindringsbanen og fitnessredskaberne.,http://kk.sites.itera.dk/apps/kk_legepladser_ny/index.asp?mode=detalje&id=15,http://kk.sites.itera.dk/apps/kk_legepladser_ny/index.asp?mode=detalje&id=15,ja,87,55.71718369217064,12.4705
legeplads.86,89,Legepladsen i Utterslev Mose ud for Pilesvinget 75,Pilesvinget udfor Hirsevej,Brønshøj-Husum,Legeplads,3-10,Københavns kommune,Edderkoppen  mega-sneglehuset og en masse grågæs.,http://kk.sites.itera.dk/apps/kk_legepladser_ny/index.asp?mode=detalje&id=11,http://kk.sites.itera.dk/apps/kk_legepladser_ny/index.asp?mode=detalje&id=11,ja,89,55.70932477406744,12.4877
legeplads.87,91,Legepladsen i Brønshøjparken,ved Hyrdevangen,Brønshøj-Husum,Legeplads,0-14,Københavns kommune,Sjove asfaltlege fitness og hyggelig park til picnic.,http://kk.sites.itera.dk/apps/kk_legepladser_ny/index.asp?mode=detalje&id=2,http://kk.sites.itera.dk/apps/kk_legepladser_ny/index.asp?mode=detalje&id=2,ja,91,55.70648263822737,12.5076
legeplads.88,93,Legepladsen på Brønshøj Torv,ved Krabbesholmvej,Brønshøj-Husum,Legeplads,0-14,Københavns kommune,Klatreland hvor alt hænger sammen i én stor Tarzan-bane.,http://kk.sites.itera.dk/apps/kk_legepladser_ny/index.asp?mode=detalje&id=3,http://kk.sites.itera.dk/apps/kk_legepladser_ny/index.asp?mode=detalje&id=3,ja,93,55.703374348865786,12.4988
legeplads.89,90,Legepladsen på Gislingevej ved Grevingevej,hjørnet af Gislingevej og Grevingevej,Brønshøj-Husum,Legeplads,3-14,Københavns kommune,Stille kvarter og sjove snurrestænger.,http://kk.sites.itera.dk/apps/kk_legepladser_ny/index.asp?mode=detalje&id=5,http://kk.sites.itera.dk/apps/kk_legepladser_ny/index.asp?mode=detalje&id=5,ja,90,55.7079769155617,12.4694
legeplads.90,86,Legepladsen på Vestvolden ved Bystævnet,ved Bystævnet,Brønshøj-Husum,Legeplads,3-10,Københavns kommune,Her kommer ny legeplads til små røvere og soldater,http://kk.sites.itera.dk/apps/kk_legepladser_ny/index.asp?mode=detalje&id=14,http://kk.sites.itera.dk/apps/kk_legepladser_ny/index.asp?mode=detalje&id=14,ja,86,55.71765570188449,12.476
legeplads.91,85,Legepladsen i Gyngemosen ved Langhusvej,ved Langhusvej,Brønshøj-Husum,Legeplads,3-14,Københavns kommune,Godt gemt  og skattejagten værd.,http://kk.sites.itera.dk/apps/kk_legepladser_ny/index.asp?mode=detalje&id=6,http://kk.sites.itera.dk/apps/kk_legepladser_ny/index.asp?mode=detalje&id=6,ja,85,55.722700727892104,12.481
legeplads.92,94,Legepladsen på Liselundvej,overfor Brønshøjgårdsvej 25,Brønshøj-Husum,Legeplads,3-14,Københavns kommune,Hyggeligt aktivitets- og mødested for unge.,http://kk.sites.itera.dk/apps/kk_legepladser_ny/index.asp?mode=detalje&id=7,http://kk.sites.itera.dk/apps/kk_legepladser_ny/index.asp?mode=detalje&id=7,ja,94,55.70356412637278,12.4943
legeplads.93,88,Legepladsen i Utterslev Mose ved Pilesvinget 5,Pilesvinget mellem Hvedevej og Brønshøj Kirkevej,Brønshøj-Husum,Legeplads,3-12,Københavns kommune,Perfekt til småbørn i pirat-alderen.,http://kk.sites.itera.dk/apps/kk_legepladser_ny/index.asp?mode=detalje&id=10,http://kk.sites.itera.dk/apps/kk_legepladser_ny/index.asp?mode=detalje&id=10,ja,88,55.71208196677864,12.4984
legeplads.94,96,Legepladsen på Bispebjerg Parkallé,ved Frederiksborgvej,Bispebjerg,Legeplads,0-14,Københavns kommune,Leg løs og hils på elefanten.,http://kk.sites.itera.dk/apps/kk_legepladser_ny/index.asp?mode=detalje&id=16,http://kk.sites.itera.dk/apps/kk_legepladser_ny/index.asp?mode=detalje&id=16,ja,96,55.71996618579737,12.5324
legeplads.95,99,Legepladsen i Lersøparken,Midt i parken,Bispebjerg,Legeplads,0-12,Københavns kommune,God til picnic  petanque og træstubbe-tagfat,http://kk.sites.itera.dk/apps/kk_legepladser_ny/index.asp?mode=detalje&id=18,http://kk.sites.itera.dk/apps/kk_legepladser_ny/index.asp?mode=detalje&id=18,ja,99,55.7095397175785,12.5431
legeplads.96,102,Legepladsen på Mejsevænget,Mejsevænget Legegade,Bispebjerg,Legeplads,2-8,Københavns kommune,Lokal legeplads med sjov cykelbane.,http://kk.sites.itera.dk/apps/kk_legepladser_ny/index.asp?mode=detalje&id=19,http://kk.sites.itera.dk/apps/kk_legepladser_ny/index.asp?mode=detalje&id=19,ja,102,55.69762005029972,12.5303
legeplads.97,97,Legepladsen i Utterslev Mose ved Engsvinget/Hyrdevangen,Engsvinget overfor Hyrdevangen,Bispebjerg,Legeplads,5-12,Københavns kommune,Kunstlegeplads med byens største legehoved.,http://kk.sites.itera.dk/apps/kk_legepladser_ny/index.asp?mode=detalje&id=9,http://kk.sites.itera.dk/apps/kk_legepladser_ny/index.asp?mode=detalje&id=9,ja,97,55.71344983164293,12.5161
legeplads.98,98,Legepladsen i Degnestavnen,Degnestavnen 20,Bispebjerg,Bemandet legeplads,0-16,Københavns kommune,Leg i lange baner - og nabo til skøn kælkebakke.,http://kk.sites.itera.dk/apps/kk_legepladser_ny/index.asp?mode=detalje&id=102,http://kk.sites.itera.dk/apps/kk_legepladser_ny/index.asp?mode=detalje&id=102,ja,98,55.71041332930393,12.5249
legeplads.99,103,Legepladsen på Alexandravej/Frederikssundsvej,Frederikssundsvej 14C,Bispebjerg,Legeplads,0-6,Københavns kommune,Lokal legeplads med sjov cykelbane.,http://kk.sites.itera.dk/apps/kk_legepladser_ny/index.asp?mode=detalje&id=17,http://kk.sites.itera.dk/apps/kk_legepladser_ny/index.asp?mode=detalje&id=17,ja,103,55.701798629439566,12.5364
legeplads.100,101,Legepladsen på Rørsangervej,Rørsangervej 82,Bispebjerg,Legeplads,3-14,Københavns kommune,Gummilegeplads med springvandsmaskine.,http://kk.sites.itera.dk/apps/kk_legepladser_ny/index.asp?mode=detalje&id=21,http://kk.sites.itera.dk/apps/kk_legepladser_ny/index.asp?mode=detalje&id=21,ja,101,55.70178333995514,12.5251
legeplads.101,95,Legepladsen i Utterslev Mose - Ved Vigen,Ved Vigen,Bispebjerg,Legeplads,3-14,Københavns kommune,Perfekt spot til leg og madpakke på turen langs mosen.,http://kk.sites.itera.dk/apps/kk_legepladser_ny/index.asp?mode=detalje&id=12,http://kk.sites.itera.dk/apps/kk_legepladser_ny/index.asp?mode=detalje&id=12,ja,95,55.72098055865299,12.5284
legeplads.102,100,Legepladsen på Hulgårds Plads,Hulgårds Plads 6,Bispebjerg,Bemandet legeplads,0-16,Københavns kommune,En drøm af en legeplads - usynlig fra vejen.,http://kk.sites.itera.dk/apps/kk_legepladser_ny/index.asp?mode=detalje&id=95,http://kk.sites.itera.dk/apps/kk_legepladser_ny/index.asp?mode=detalje&id=95,ja,100,55.70483834694567,12.522
legeplads.103,104,Aktivitetspladserne på Prags Boulevard,Prags Boulevard - aktivitetspladserne langs parken,Amager Øst,Legeplads,fra 6,Københavns kommune,Anderledes bud på leg og bevægelse i en moderne bypark.,http://kk.sites.itera.dk/apps/kk_legepladser_ny/index.asp?mode=detalje&id=66,http://kk.sites.itera.dk/apps/kk_legepladser_ny/index.asp?mode=detalje&id=66,ja,104,55.66640131044762,12.608
legeplads.104,104,Aktivitetspladserne på Prags Boulevard,Prags Boulevard - aktivitetspladserne langs parken,Amager Øst,Legeplads,fra 6,Københavns kommune,Anderledes bud på leg og bevægelse i en moderne bypark.,http://kk.sites.itera.dk/apps/kk_legepladser_ny/index.asp?mode=detalje&id=66,http://kk.sites.itera.dk/apps/kk_legepladser_ny/index.asp?mode=detalje&id=66,ja,104,55.66696564972486,12.6106
legeplads.105,113,Legepladsen på Kastrup Fort,ved den sydlige bastion,Amager Øst,Legeplads,2-12,Københavns kommune,Legeplads der udnytter de skrånende volde til rutsjeog svævebaner., http://kk.sites.itera.dk/apps/kk_legepladser_ny/index.asp?mode=detalje&id=89,http://kk.sites.itera.dk/apps/kk_legepladser_ny/index.asp?mode=detalje&id=89,ja,113,55.64723685556561,12.6407
legeplads.106,112,Legepladsen på Sundbyøster Plads,Smyrnavej 2,Amager Øst,Legeplads,0-14,Københavns kommune,Legeplads  hvor handicappede børn kan lege med.,http://kk.sites.itera.dk/apps/kk_legepladser_ny/index.asp?mode=detalje&id=90,http://kk.sites.itera.dk/apps/kk_legepladser_ny/index.asp?mode=detalje&id=90,ja,112,55.651283659909744,12.6126
legeplads.107,110,Legepladsen på Højdevej,Højdevej/Kirkegårdsvej,Amager Øst,Legeplads,3-10,Københavns kommune,Lokal legeplads til leg og hygge,http://kk.sites.itera.dk/apps/kk_legepladser_ny/index.asp?mode=detalje&id=88,http://kk.sites.itera.dk/apps/kk_legepladser_ny/index.asp?mode=detalje&id=88,ja,110,55.65522603482767,12.6139
legeplads.108,109,Legepladsen i Amager Strandpark,Amager Strandvej ved Kilometerbroen,Amager Øst,Legeplads,3-12,Københavns kommune,Byens eneste legeplads direkte på stranden.,http://kk.sites.itera.dk/apps/kk_legepladser_ny/index.asp?mode=detalje&id=86,http://kk.sites.itera.dk/apps/kk_legepladser_ny/index.asp?mode=detalje&id=86,ja,109,55.65782767438177,12.6371
legeplads.109,111,Legepladsen Elba i Filipsparken,Parmagade 45,Amager Øst,Bemandet legeplads,0-16,Københavns kommune,Soppebassin miniveje  sjove cykler og byens største airhockey.,http://kk.sites.itera.dk/apps/kk_legepladser_ny/index.asp?mode=detalje&id=119,http://kk.sites.itera.dk/apps/kk_legepladser_ny/index.asp?mode=detalje&id=119,ja,111,55.654151817755526,12.6182
legeplads.110,108,Byggelegepladsen på Bredegrund,Bredegrund 8,Amager Øst,Bemandet udflugtslegeplads,0-16,Københavns kommune,Den ene af byens to byggelegepladser.,http://kk.sites.itera.dk/apps/kk_legepladser_ny/index.asp?mode=detalje&id=113,http://kk.sites.itera.dk/apps/kk_legepladser_ny/index.asp?mode=detalje&id=113,ja,108,55.65887191915407,12.6138
legeplads.111,105,Legepladsen i Lergravsparken,Lergravsvej 16,Amager Øst,Bemandet udflugtslegeplads,0-16,Københavns kommune,Byens største kravlenet + soppebassin.,http://kk.sites.itera.dk/apps/kk_legepladser_ny/index.asp?mode=detalje&id=98,http://kk.sites.itera.dk/apps/kk_legepladser_ny/index.asp?mode=detalje&id=98,ja,105,55.6623517669756,12.6183
legeplads.112,107,Legepladsen i Rødegårdsparken,ved Øresundsvej 39,Amager Øst,Legeplads,0-14,Københavns kommune,Byens eneste udendørs bordfodboldborde.,http://kk.sites.itera.dk/apps/kk_legepladser_ny/index.asp?mode=detalje&id=23,http://kk.sites.itera.dk/apps/kk_legepladser_ny/index.asp?mode=detalje&id=23,ja,107,55.6614956222129,12.6112
legeplads.113,106,Legepladsen i Moselgade ved Lergravsvej,Moselgade/Lergravsvej,Amager Øst,Legeplads,4-10,Københavns kommune,Haveanlæg med afmærket bane til små cyklister.,http://kk.sites.itera.dk/apps/kk_legepladser_ny/index.asp?mode=detalje&id=118,http://kk.sites.itera.dk/apps/kk_legepladser_ny/index.asp?mode=detalje&id=118,ja,106,55.66196398285227,12.6134
legeplads.114,119,Legepladsen på Skotlands Plads,mellem Sundholmsvej 95-107,Amager Vest,Legeplads,0-14,Københavns kommune,Stor åben legeplads med boldbaner., http://kk.sites.itera.dk/apps/kk_legepladser_ny/index.asp?mode=detalje&id=24,http://kk.sites.itera.dk/apps/kk_legepladser_ny/index.asp?mode=detalje&id=24,ja,119,55.65813803377569,12.6048
legeplads.115,125,Legepladsen på Sundbyvester Plads,Sundbyvestervej/Gyldenlakvej,Amager Vest,Legeplads,3-10,Københavns kommune,I 2012 ombygges legepladsen og bliver en plads for store børn.,http://kk.sites.itera.dk/apps/kk_legepladser_ny/index.asp?mode=detalje&id=92,http://kk.sites.itera.dk/apps/kk_legepladser_ny/index.asp?mode=detalje&id=92,ja,125,55.64641015542255,12.6123
legeplads.116,124,Legepladsen midt i Remiseparken ved højen,ved højen Remiseparken sydvest,Amager Vest,Legeplads,3-10,Københavns kommune,Byens hemmeligste og længste tunnelrutsjebane.,http://kk.sites.itera.dk/apps/kk_legepladser_ny/index.asp?mode=detalje&id=133,http://kk.sites.itera.dk/apps/kk_legepladser_ny/index.asp?mode=detalje&id=133,ja,124,55.651146947238246,12.5943
legeplads.117,115,Legepladsen i Havneparken syd,Islands Brygge,  overfor Halfdansgade,Amager Vest,Legeplads,3-10,Københavns kommune Indhegnet til småbørn nær havnebad og beachvolley.,http://kk.sites.itera.dk/apps/kk_legepladser_ny/index.asp?mode=detalje&id=94,http://kk.sites.itera.dk/apps/kk_legepladser_ny/index.asp?mode=detalje&id=94,ja,115,55.66542977076966,12.5743
legeplads.118,114,Legepladsen i Havneparken nord,Islands Brygge overfor Vestmannargade,Amager Vest,Legeplads,fra 6,Københavns kommune,Skaterpark med svalende havnebad lige ved siden af,http://kk.sites.itera.dk/apps/kk_legepladser_ny/index.asp?mode=detalje&id=123,http://kk.sites.itera.dk/apps/kk_legepladser_ny/index.asp?mode=detalje&id=123,ja,114,55.66874629213874,12.5788
legeplads.119,118,Legepladsen på Tømmergrundens/Artillerivej,Artellerivej, næsten ud for Axel Heides Gade,Amager Vest,Legeplads,3-8,Københavns kommune Ny naturlegeplads i 2011.,http://kk.sites.itera.dk/apps/kk_legepladser_ny/index.asp?mode=detalje&id=93,http://kk.sites.itera.dk/apps/kk_legepladser_ny/index.asp?mode=detalje&id=93,ja,118,55.66000377929776,12.5739
legeplads.120,126,Legepladsen på Georginevej,Georginevej/Gyldenlakvej,Amager Vest,Legeplads,3-10,Københavns kommune,Hemmelig legehave tæt ved travle Amagerbrogade.,http://kk.sites.itera.dk/apps/kk_legepladser_ny/index.asp?mode=detalje&id=87,http://kk.sites.itera.dk/apps/kk_legepladser_ny/index.asp?mode=detalje&id=87,ja,126,55.64461284055033,12.6135
legeplads.121,127,Legepladsen på Rødelandsvej,Vejlands Alle/Rødelandsvej,Amager Vest,Legeplads,3-10,Københavns kommune,Hyggelig naturlegeplads.,http://kk.sites.itera.dk/apps/kk_legepladser_ny/index.asp?mode=detalje&id=130,http://kk.sites.itera.dk/apps/kk_legepladser_ny/index.asp?mode=detalje&id=130,ja,127,55.64186381737521,12.5937
legeplads.122,123,Legepladsen i Sundbyvester Park,ved Irlandsvej,Amager Vest,Legeplads,0-16,Københavns kommune,Fine  grønne omgivelser og nabo til Sundby Idrætspark,http://kk.sites.itera.dk/apps/kk_legepladser_ny/index.asp?mode=detalje&id=91,http://kk.sites.itera.dk/apps/kk_legepladser_ny/index.asp?mode=detalje&id=91,ja,123,55.65073143081918,12.6015
legeplads.123,129,Himmelhøj Naturlegeplads,Otto Baches Alle/Granatvej,Amager Vest,Udflugtslegeplads,Alle,Naturstyrelsen ,Ligger flot og inspirerer alle til leg i naturen.,http://kk.sites.itera.dk/apps/kk_legepladser_ny/index.asp?mode=detalje&id=132,http://kk.sites.itera.dk/apps/kk_legepladser_ny/index.asp?mode=detalje&id=132,nej,129,55.6156720484257,12.5737
legeplads.124,128,Legepladserne i Ørestad Bypark,Mellem C. F. Møllers Alle, Center Boulevard og Ørestads Boulevards,Mellem C. F. Møllers Alle,fra 3,Københavns kommune,Udflugtslegeplads Moderne bypark med plads til leg og bevægelse.,http://kk.sites.itera.dk/apps/kk_legepladser_ny/index.asp?mode=detalje&id=131,http://kk.sites.itera.dk/apps/kk_legepladser_ny/index.asp?mode=detalje&id=131,nej,128,55.63380051913961,12.5769
legeplads.125,116,Legepladsen i Gunløgsgade,Gunløgsgade 26,Amager Vest,Bemandet legeplads,0-16,Københavns kommune,Moderne legeplads med elektronisk bænk.,http://kk.sites.itera.dk/apps/kk_legepladser_ny/index.asp?mode=detalje&id=121,http://kk.sites.itera.dk/apps/kk_legepladser_ny/index.asp?mode=detalje&id=121,ja,116,55.66465750973628,12.5798
legeplads.126,120,Legepladsen i Sætersdalparken,overfor Sætersdalgade 1-15,Amager Vest,Legeplads,3-8,Københavns kommune,Junglesti og sjovt cykel- og rulleskøjteterræn.,http://kk.sites.itera.dk/apps/kk_legepladser_ny/index.asp?mode=detalje&id=85,http://kk.sites.itera.dk/apps/kk_legepladser_ny/index.asp?mode=detalje&id=85,ja,120,55.656237678047766,12.6022
legeplads.127,122,Byggelegepladsen i Remiseparken,Peder Lykkes vej 71-73 ved Peder Skrivers Sti,Amager Vest,Bemandet udflugtslegeplads,fra 4,Københavns kommune,Fantasifuld byggelegeplads,http://kk.sites.itera.dk/apps/kk_legepladser_ny/index.asp?mode=detalje&id=101,http://kk.sites.itera.dk/apps/kk_legepladser_ny/index.asp?mode=detalje&id=101,ja,122,55.652465284844894,12.5967
legeplads.128,121,Bondegårdslegepladsen i Remiseparken,Peder Lykkes vej 71-73,Amager Vest,Bemandet udflugtslegeplads,0-16,Københavns kommune,Byens eneste og meget elskede dyrelegeplads.,http://kk.sites.itera.dk/apps/kk_legepladser_ny/index.asp?mode=detalje&id=109,http://kk.sites.itera.dk/apps/kk_legepladser_ny/index.asp?mode=detalje&id=109,ja,121,55.65299220110696,12.5981
legeplads.129,117,Legepladsen i Norgesgade,mellem Norgesgade 26-56,Amager Vest,Legeplads,0-14,Københavns kommune,Flot plads regnbuegynge og stort boldbur.,http://kk.sites.itera.dk/apps/kk_legepladser_ny/index.asp?mode=detalje&id=22,http://kk.sites.itera.dk/apps/kk_legepladser_ny/index.asp?mode=detalje&id=22,ja,117,55.663441737418346,12.5964
legeplads.130,,Legepladsen i Kornblomstparken,Øselsgade 5,Amager Vest,Bemandet legeplads,,Københavns kommune,,,,,,55.66129136506624,12.6011
